,Group,Year,Stdev,Value,Type,Scale
1,AmLobster,1985,0.026660915,0.529404392,absolute,1
2,AmLobster,1986,0.024260718,0.445086389,absolute,1
3,AmLobster,1987,0.026240763,0.261684786,absolute,1
4,AmLobster,1988,0.012608602,0.222505197,absolute,1
5,AmLobster,1989,0.023605346,0.371020671,absolute,1
6,AmLobster,1990,0.030074258,0.398136573,absolute,1
7,AmLobster,1991,0.07017906,0.41945316,absolute,1
8,AmLobster,1992,0.02018234,0.331708319,absolute,1
9,AmLobster,1993,0.021639217,0.395690717,absolute,1
10,AmLobster,1994,0.034968025,0.6544125,absolute,1
11,AmLobster,1995,0.094497428,0.64101883,absolute,1
12,AmLobster,1996,0.068477559,1.146299499,absolute,1
13,AmLobster,1997,0.052399261,0.726681663,absolute,1
14,AmLobster,1998,0.032691207,0.680996002,absolute,1
15,AmLobster,1999,0.091909281,1.106090632,absolute,1
16,AmLobster,2000,0.045091587,0.71979856,absolute,1
17,AmLobster,2001,0.045627562,0.529159467,absolute,1
18,AmLobster,2002,0.104648041,1.243795167,absolute,1
19,AmLobster,2003,0.085708078,0.620515965,absolute,1
20,AmLobster,2004,0.160241311,0.919385059,absolute,1
21,AmLobster,2005,0.033084649,0.491303459,absolute,1
22,AmLobster,2006,0.0371964,0.65314746,absolute,1
23,AmLobster,2007,0.047125913,0.481613197,absolute,1
24,AmLobster,2008,0.028283326,0.839036373,absolute,1
25,AmLobster,2009,0.074732197,1.327735086,absolute,1
26,AmLobster,2010,0.12023452,1.997079172,absolute,1
27,AmLobster,2011,0.115193991,2.060699098,absolute,1
28,AmLobster,2012,0.088589283,2.369486346,absolute,1
29,AmLobster,2013,0.25404019,3.389619848,absolute,1
30,AmLobster,2014,0.116960504,4.343648103,absolute,1
31,AmLobster,2015,0.179552453,3.762182332,absolute,1
32,AmLobster,2016,0.194425357,4.031200125,absolute,1
33,AmLobster,2017,0.134286042,2.501883541,absolute,1
34,AmLobster,2018,0.118880902,2.57107179,absolute,1
35,AmLobster,2019,0.160608622,2.546993729,absolute,1
36,AmPlaice,1985,0.035218658,0.3404107,absolute,1
37,AmPlaice,1986,0.03381988,0.264679104,absolute,1
38,AmPlaice,1987,0.01948426,0.197328277,absolute,1
39,AmPlaice,1988,0.037559534,0.253545307,absolute,1
40,AmPlaice,1989,0.02543512,0.178629202,absolute,1
41,AmPlaice,1990,0.053148574,0.491495333,absolute,1
42,AmPlaice,1991,0.021350448,0.266521471,absolute,1
43,AmPlaice,1992,0.040175415,0.307546477,absolute,1
44,AmPlaice,1993,0.049036273,0.409600043,absolute,1
45,AmPlaice,1994,0.059320487,0.453504963,absolute,1
46,AmPlaice,1995,0.051563127,0.418130385,absolute,1
47,AmPlaice,1996,0.061087006,0.373051854,absolute,1
48,AmPlaice,1997,0.042410816,0.315200071,absolute,1
49,AmPlaice,1998,0.04194382,0.360344656,absolute,1
50,AmPlaice,1999,0.066222144,0.415586927,absolute,1
51,AmPlaice,2000,0.085170103,0.460749268,absolute,1
52,AmPlaice,2001,0.072517416,0.441014215,absolute,1
53,AmPlaice,2002,0.06683171,0.379970278,absolute,1
54,AmPlaice,2003,0.03652969,0.261049073,absolute,1
55,AmPlaice,2004,0.023527374,0.170570023,absolute,1
56,AmPlaice,2005,0.028940509,0.182735391,absolute,1
57,AmPlaice,2006,0.035921361,0.283802823,absolute,1
58,AmPlaice,2007,0.035410137,0.253333438,absolute,1
59,AmPlaice,2008,0.042164049,0.362006926,absolute,1
60,AmPlaice,2009,0.027357879,0.230612978,absolute,1
61,AmPlaice,2010,0.027214376,0.241175004,absolute,1
62,AmPlaice,2011,0.056792852,0.390389837,absolute,1
63,AmPlaice,2012,0.029859663,0.262161394,absolute,1
64,AmPlaice,2013,0.040091635,0.262074527,absolute,1
65,AmPlaice,2014,0.048738548,0.36063176,absolute,1
66,AmPlaice,2015,0.081682099,0.605512493,absolute,1
67,AmPlaice,2016,0.082069474,0.685872424,absolute,1
68,AmPlaice,2017,0.069157176,0.411539332,absolute,1
69,AmPlaice,2018,0.073856804,0.498310521,absolute,1
70,AmPlaice,2019,0.032144607,0.250980193,absolute,1
71,AtlHalibut,1985,0.019512593,0.019512593,absolute,1
72,AtlHalibut,1986,0.045028671,0.060313903,absolute,1
73,AtlHalibut,1987,0.004227667,0.006206108,absolute,1
74,AtlHalibut,1989,0.002359019,0.0035549,absolute,1
75,AtlHalibut,1990,0.003515753,0.006515563,absolute,1
76,AtlHalibut,1991,0.038131999,0.046027756,absolute,1
77,AtlHalibut,1992,0.028095016,0.038152131,absolute,1
78,AtlHalibut,1993,0.00409032,0.00887848,absolute,1
79,AtlHalibut,1995,0.012119623,0.012119623,absolute,1
80,AtlHalibut,1996,0.010231391,0.010231391,absolute,1
81,AtlHalibut,1997,0.022292422,0.031406423,absolute,1
82,AtlHalibut,1998,0.01085381,0.017533809,absolute,1
83,AtlHalibut,1999,0,0.000859486,absolute,1
84,AtlHalibut,2000,0.003934867,0.003934867,absolute,1
85,AtlHalibut,2001,0.037179276,0.044221833,absolute,1
86,AtlHalibut,2002,0.004663998,0.004663998,absolute,1
87,AtlHalibut,2003,0.005400849,0.010138205,absolute,1
88,AtlHalibut,2004,0.006236039,0.021223795,absolute,1
89,AtlHalibut,2005,0.012456273,0.017402682,absolute,1
90,AtlHalibut,2006,0.002946858,0.003826202,absolute,1
91,AtlHalibut,2007,0.008738948,0.01432392,absolute,1
92,AtlHalibut,2008,0.006693077,0.013631415,absolute,1
93,AtlHalibut,2009,0.009792996,0.023833517,absolute,1
94,AtlHalibut,2010,0.013565874,0.036769653,absolute,1
95,AtlHalibut,2011,0.012277271,0.024747725,absolute,1
96,AtlHalibut,2012,0.025047364,0.0476963,absolute,1
97,AtlHalibut,2013,0.009370256,0.01323926,absolute,1
98,AtlHalibut,2014,0.035727442,0.048743579,absolute,1
99,AtlHalibut,2015,0.06938849,0.106956167,absolute,1
100,AtlHalibut,2016,0.008192034,0.021119896,absolute,1
101,AtlHalibut,2017,0.015838329,0.019584811,absolute,1
102,AtlHerring,1985,1.017149116,1.109183637,absolute,1
103,AtlHerring,1986,0.14344529,0.296785304,absolute,1
104,AtlHerring,1987,1.905993574,6.573312034,absolute,1
105,AtlHerring,1988,1.755582166,3.632646164,absolute,1
106,AtlHerring,1989,2.774976244,6.585769972,absolute,1
107,AtlHerring,1990,2.469464969,3.451767326,absolute,1
108,AtlHerring,1991,5.174449611,8.305357299,absolute,1
109,AtlHerring,1992,7.584377879,23.09128046,absolute,1
110,AtlHerring,1993,0.839280063,4.089448331,absolute,1
111,AtlHerring,1994,1.14469206,4.714825592,absolute,1
112,AtlHerring,1995,13.24602438,31.9461697,absolute,1
113,AtlHerring,1996,2.147642579,7.17923374,absolute,1
114,AtlHerring,1997,2.048177663,8.643474764,absolute,1
115,AtlHerring,1998,0.670856139,6.582995566,absolute,1
116,AtlHerring,1999,0.842924816,4.482402125,absolute,1
117,AtlHerring,2000,1.66440848,6.49676513,absolute,1
118,AtlHerring,2001,2.562808625,9.619995385,absolute,1
119,AtlHerring,2002,12.30393809,29.64167656,absolute,1
120,AtlHerring,2003,2.592690376,15.05758154,absolute,1
121,AtlHerring,2004,3.189519601,13.41135531,absolute,1
122,AtlHerring,2005,2.296569522,10.45774391,absolute,1
123,AtlHerring,2006,3.921891933,11.00321549,absolute,1
124,AtlHerring,2007,1.658014423,9.266364503,absolute,1
125,AtlHerring,2008,2.707652672,9.833445495,absolute,1
126,AtlHerring,2009,2.828710892,7.64504514,absolute,1
127,AtlHerring,2010,0.624189367,3.36107396,absolute,1
128,AtlHerring,2011,2.743526052,7.348178377,absolute,1
129,AtlHerring,2012,1.169479643,7.238403507,absolute,1
130,AtlHerring,2013,2.549534239,10.99518274,absolute,1
131,AtlHerring,2014,3.956994867,14.68068587,absolute,1
132,AtlHerring,2015,2.423489798,12.95247384,absolute,1
133,AtlHerring,2016,11.88909718,27.21800586,absolute,1
134,AtlHerring,2017,5.136403961,12.17356404,absolute,1
135,AtlHerring,2018,0.524228508,1.543104777,absolute,1
136,AtlHerring,2019,2.90038752,4.334553569,absolute,1
137,AtlMackerel,1985,0.28320184,1.547206821,absolute,1
138,AtlMackerel,1986,0.002528313,0.053265381,absolute,1
139,AtlMackerel,1987,0.030107425,0.237097084,absolute,1
140,AtlMackerel,1988,0.000112567,0.029279722,absolute,1
141,AtlMackerel,1989,0.004910582,0.026255731,absolute,1
142,AtlMackerel,1990,0.000597873,0.01040705,absolute,1
143,AtlMackerel,1991,0.001339707,0.027566896,absolute,1
144,AtlMackerel,1992,0.000438137,0.168827137,absolute,1
145,AtlMackerel,1993,0.000728809,0.021850469,absolute,1
146,AtlMackerel,1994,0.001013295,0.236359774,absolute,1
147,AtlMackerel,1995,0.000565338,0.047121227,absolute,1
148,AtlMackerel,1996,0.000545478,0.006218138,absolute,1
149,AtlMackerel,1997,0.001198633,0.413608425,absolute,1
150,AtlMackerel,1998,0.016539037,0.209374865,absolute,1
151,AtlMackerel,1999,0.003854899,0.050323133,absolute,1
152,AtlMackerel,2000,0.001827014,0.025346367,absolute,1
153,AtlMackerel,2001,0.002426737,0.020015373,absolute,1
154,AtlMackerel,2002,0.010133306,0.175445364,absolute,1
155,AtlMackerel,2003,0.000378182,0.00460958,absolute,1
156,AtlMackerel,2004,0.001621735,0.01214701,absolute,1
157,AtlMackerel,2005,0.003312647,0.058058023,absolute,1
158,AtlMackerel,2006,0.002252524,0.059501683,absolute,1
159,AtlMackerel,2007,0.000603435,0.174084983,absolute,1
160,AtlMackerel,2008,0.00284293,0.078297539,absolute,1
161,AtlMackerel,2009,0.010829185,0.149302645,absolute,1
162,AtlMackerel,2010,0.036125132,0.449774994,absolute,1
163,AtlMackerel,2011,0.039648519,0.517316106,absolute,1
164,AtlMackerel,2012,0.131245382,1.646937506,absolute,1
165,AtlMackerel,2013,0.003526118,0.079647387,absolute,1
166,AtlMackerel,2014,0.04907055,0.659945025,absolute,1
167,AtlMackerel,2015,0.056619633,0.793858039,absolute,1
168,AtlMackerel,2016,0.483909214,3.244459356,absolute,1
169,AtlMackerel,2017,0.183759259,6.073554857,absolute,1
170,AtlMackerel,2018,0.024373234,0.446917156,absolute,1
171,AtlMackerel,2019,0.03604716,0.696718262,absolute,1
172,AtlScallop,1985,0.00175514,0.003703332,absolute,1
173,AtlScallop,1986,0.003510211,0.005294605,absolute,1
174,AtlScallop,1987,0.002421391,0.005351569,absolute,1
175,AtlScallop,1988,0.000409228,0.001088737,absolute,1
176,AtlScallop,1989,0.001170105,0.003089541,absolute,1
177,AtlScallop,1990,0.002209028,0.006125372,absolute,1
178,AtlScallop,1991,0.003758953,0.009529625,absolute,1
179,AtlScallop,1992,0.00465228,0.009706164,absolute,1
180,AtlScallop,1993,0.009783917,0.019147402,absolute,1
181,AtlScallop,1994,0.005438058,0.011833933,absolute,1
182,AtlScallop,1995,0.027180257,0.055250264,absolute,1
183,AtlScallop,1996,0.011532933,0.013522719,absolute,1
184,AtlScallop,1997,0.045102553,0.06907366,absolute,1
185,AtlScallop,1998,0.00644203,0.017292151,absolute,1
186,AtlScallop,1999,0.00948128,0.017032579,absolute,1
187,AtlScallop,2000,0.013036288,0.032409235,absolute,1
188,AtlScallop,2001,0.007765871,0.030205552,absolute,1
189,AtlScallop,2002,0.008167497,0.01757875,absolute,1
190,AtlScallop,2003,0.000913819,0.000939186,absolute,1
191,AtlScallop,2004,0.000951266,0.001339094,absolute,1
192,AtlScallop,2005,0.000943742,0.001918367,absolute,1
193,AtlScallop,2006,0.000217605,0.000625477,absolute,1
194,AtlScallop,2007,4.35E-05,0.002332418,absolute,1
195,AtlScallop,2008,0.000682946,0.001248777,absolute,1
196,AtlScallop,2009,0.00229941,0.002758495,absolute,1
197,AtlScallop,2010,0.446048875,0.448684998,absolute,1
198,AtlScallop,2011,0.040294467,0.041637751,absolute,1
199,AtlScallop,2012,0.013550892,0.017742289,absolute,1
200,AtlScallop,2013,0.007879443,0.018012887,absolute,1
201,AtlScallop,2014,0.127193749,0.207569435,absolute,1
202,AtlScallop,2015,0.080569991,0.09831337,absolute,1
203,AtlScallop,2016,0.105070452,0.166603605,absolute,1
204,AtlScallop,2017,0.002407403,0.004813382,absolute,1
205,AtlScallop,2018,0.012771691,0.019052918,absolute,1
206,AtlScallop,2019,0.013370756,0.021878067,absolute,1
207,Barndoor,1991,0.00350559,0.00350559,absolute,1
208,Barndoor,1992,0.001018376,0.001018376,absolute,1
209,Barndoor,1994,0.001666433,0.001666433,absolute,1
210,Barndoor,1999,0.032658207,0.032658207,absolute,1
211,Barndoor,2000,0.001851592,0.001851592,absolute,1
212,Barndoor,2002,0.004919716,0.004919716,absolute,1
213,Barndoor,2003,0.013475412,0.016485456,absolute,1
214,Barndoor,2004,0.072645504,0.100895558,absolute,1
215,Barndoor,2005,0.014351028,0.020217586,absolute,1
216,Barndoor,2006,0.130457805,0.153226989,absolute,1
217,Barndoor,2007,0.06402798,0.124038707,absolute,1
218,Barndoor,2008,0.030129506,0.070606574,absolute,1
219,Barndoor,2009,0.025927754,0.099218251,absolute,1
220,Barndoor,2010,0.033326885,0.095945641,absolute,1
221,Barndoor,2011,0.082682627,0.174780484,absolute,1
222,Barndoor,2012,0.029473285,0.142862841,absolute,1
223,Barndoor,2013,0.049326508,0.150104439,absolute,1
224,Barndoor,2014,0.102939424,0.305901368,absolute,1
225,Barndoor,2015,0.06925808,0.288839412,absolute,1
226,Barndoor,2016,0.048420621,0.25239926,absolute,1
227,Barndoor,2017,0.058108115,0.25002984,absolute,1
228,Barndoor,2018,0.411026299,0.85064582,absolute,1
229,Barndoor,2019,0.051188145,0.236193383,absolute,1
230,BlackSeaBass,1985,0.000341893,0.006638416,absolute,1
231,BlackSeaBass,1986,0.001186679,0.004026035,absolute,1
232,BlackSeaBass,1988,0,0.001653872,absolute,1
233,BlackSeaBass,1989,0.000102822,0.00014395,absolute,1
234,BlackSeaBass,1991,0,0,absolute,1
235,BlackSeaBass,1992,0,0,absolute,1
236,BlackSeaBass,1996,0,0,absolute,1
237,BlackSeaBass,1998,0,0.001364491,absolute,1
238,BlackSeaBass,1999,0.000308465,0.000431851,absolute,1
239,BlackSeaBass,2000,0.001049083,0.006056458,absolute,1
240,BlackSeaBass,2001,1.03E-05,0.001175689,absolute,1
241,BlackSeaBass,2002,0.000310977,0.004348131,absolute,1
242,BlackSeaBass,2004,1.92E-05,0.00156809,absolute,1
243,BlackSeaBass,2005,5.63E-06,5.46E-05,absolute,1
244,BlackSeaBass,2006,4.08E-06,0.002692126,absolute,1
245,BlackSeaBass,2008,0.000918713,0.001390275,absolute,1
246,BlackSeaBass,2009,2.84E-05,5.24E-05,absolute,1
247,BlackSeaBass,2010,5.92E-05,0.000129489,absolute,1
248,BlackSeaBass,2011,0.000140142,0.000295008,absolute,1
249,BlackSeaBass,2012,0.001445343,0.00318504,absolute,1
250,BlackSeaBass,2013,0.000355797,0.001636876,absolute,1
251,BlackSeaBass,2014,0.000350359,0.00106589,absolute,1
252,BlackSeaBass,2015,3.30E-05,7.48E-05,absolute,1
253,BlackSeaBass,2016,0.000554808,0.001721926,absolute,1
254,BlackSeaBass,2017,2.72E-05,0.000458226,absolute,1
255,BlackSeaBass,2018,9.38E-05,0.00026338,absolute,1
256,BlackSeaBass,2019,6.19E-05,0.000103145,absolute,1
257,Butterfish,1985,0.010536623,0.090056149,absolute,1
258,Butterfish,1986,0.032058888,0.168357713,absolute,1
259,Butterfish,1987,0.002405269,0.020066843,absolute,1
260,Butterfish,1988,0.000115052,0.001067393,absolute,1
261,Butterfish,1989,0.004240076,0.054977695,absolute,1
262,Butterfish,1990,0.004406343,0.052057606,absolute,1
263,Butterfish,1991,0.001895552,0.019250437,absolute,1
264,Butterfish,1992,0.000855195,0.00930563,absolute,1
265,Butterfish,1993,0.001191425,0.021372171,absolute,1
266,Butterfish,1994,0.032550666,0.529148937,absolute,1
267,Butterfish,1995,0.011600858,0.211802717,absolute,1
268,Butterfish,1996,0.000799738,0.007319256,absolute,1
269,Butterfish,1997,0.00110459,1.538432517,absolute,1
270,Butterfish,1998,0.006381381,0.043911255,absolute,1
271,Butterfish,1999,0.000831491,0.029790654,absolute,1
272,Butterfish,2000,0.00941076,0.16445172,absolute,1
273,Butterfish,2001,0.004942308,0.073287145,absolute,1
274,Butterfish,2002,0.070447835,0.389726041,absolute,1
275,Butterfish,2003,0.01039255,0.189826516,absolute,1
276,Butterfish,2004,0.023907701,0.098219873,absolute,1
277,Butterfish,2005,0.000510625,0.004689546,absolute,1
278,Butterfish,2006,0.011398331,0.341962552,absolute,1
279,Butterfish,2007,0.007903261,0.154734514,absolute,1
280,Butterfish,2008,0.00556669,0.032804423,absolute,1
281,Butterfish,2009,0.010574517,0.194909443,absolute,1
282,Butterfish,2010,0.010515658,0.07021464,absolute,1
283,Butterfish,2011,0.026656574,0.170218277,absolute,1
284,Butterfish,2012,0.013837588,0.128435068,absolute,1
285,Butterfish,2013,0.002693514,0.030420838,absolute,1
286,Butterfish,2014,0.018839597,0.181374916,absolute,1
287,Butterfish,2015,0.020015402,0.224411932,absolute,1
288,Butterfish,2016,0.020245541,0.143309328,absolute,1
289,Butterfish,2017,0.005226546,0.073489103,absolute,1
290,Butterfish,2018,0.027115574,0.204542846,absolute,1
291,Butterfish,2019,0.002805834,0.030502005,absolute,1
292,Cod,1985,0.470747672,0.638652033,absolute,1
293,Cod,1986,0.192021555,0.428876804,absolute,1
294,Cod,1987,0.129875335,0.29391398,absolute,1
295,Cod,1988,0.28285318,0.599816339,absolute,1
296,Cod,1989,0.12853423,0.356844896,absolute,1
297,Cod,1990,0.175180443,0.483876467,absolute,1
298,Cod,1991,0.117948141,0.232899321,absolute,1
299,Cod,1992,0.10134977,0.219551511,absolute,1
300,Cod,1993,0.070463997,0.121604358,absolute,1
301,Cod,1994,0.136732252,0.271912114,absolute,1
302,Cod,1995,0.349617696,0.4199351,absolute,1
303,Cod,1996,0.114049897,0.245678631,absolute,1
304,Cod,1997,0.100407837,0.19902385,absolute,1
305,Cod,1998,0.068765815,0.136170134,absolute,1
306,Cod,1999,0.183439644,0.409675877,absolute,1
307,Cod,2000,0.246880427,0.367765597,absolute,1
308,Cod,2001,0.32790661,0.614800376,absolute,1
309,Cod,2002,2.955866412,1.773190906,absolute,1
310,Cod,2003,0.237513618,0.494529145,absolute,1
311,Cod,2004,0.170287774,0.378307339,absolute,1
312,Cod,2005,0.10892759,0.24334874,absolute,1
313,Cod,2006,0.136284943,0.351232014,absolute,1
314,Cod,2007,0.125759552,0.228059435,absolute,1
315,Cod,2008,0.253032141,0.448935078,absolute,1
316,Cod,2009,0.416781921,0.556383161,absolute,1
317,Cod,2010,0.14790755,0.258922592,absolute,1
318,Cod,2011,0.143456919,0.216508537,absolute,1
319,Cod,2012,0.053560728,0.135136641,absolute,1
320,Cod,2013,0.053332141,0.109262538,absolute,1
321,Cod,2014,0.174777772,0.225748199,absolute,1
322,Cod,2015,0.203479991,0.246760639,absolute,1
323,Cod,2016,0.33444675,0.337741073,absolute,1
324,Cod,2017,0.159424261,0.258389174,absolute,1
325,Cod,2018,0.067581793,0.103158773,absolute,1
326,Cod,2019,0.038171463,0.041303697,absolute,1
327,Cusk,1985,0.092151735,0.323915321,absolute,1
328,Cusk,1986,0.066973653,0.231234254,absolute,1
329,Cusk,1987,0.039198452,0.099345173,absolute,1
330,Cusk,1988,0.047196443,0.152318987,absolute,1
331,Cusk,1989,0.038271734,0.06816802,absolute,1
332,Cusk,1990,0.025602531,0.061136186,absolute,1
333,Cusk,1991,0.028570715,0.080539448,absolute,1
334,Cusk,1992,0.013419714,0.027466014,absolute,1
335,Cusk,1993,0.032040155,0.075935929,absolute,1
336,Cusk,1994,0.013880637,0.020969885,absolute,1
337,Cusk,1995,0.014685174,0.018217817,absolute,1
338,Cusk,1996,0.026784902,0.064754068,absolute,1
339,Cusk,1997,0.040986859,0.107753348,absolute,1
340,Cusk,1998,0.007394422,0.008622607,absolute,1
341,Cusk,1999,0.011122693,0.030041225,absolute,1
342,Cusk,2000,0.008071253,0.012799356,absolute,1
343,Cusk,2001,0.01089478,0.028118238,absolute,1
344,Cusk,2002,0.036051472,0.053657862,absolute,1
345,Cusk,2003,0.033029815,0.058730896,absolute,1
346,Cusk,2004,0.012268368,0.025971908,absolute,1
347,Cusk,2005,0.00871239,0.018014129,absolute,1
348,Cusk,2006,0.009829784,0.019339789,absolute,1
349,Cusk,2007,0.001633188,0.001633188,absolute,1
350,Cusk,2008,0.007595738,0.017228162,absolute,1
351,Cusk,2009,0.008440011,0.014525772,absolute,1
352,Cusk,2010,0.018984071,0.038294396,absolute,1
353,Cusk,2011,0.003965651,0.005689005,absolute,1
354,Cusk,2012,0.006970603,0.012070001,absolute,1
355,Cusk,2013,0.000816692,0.001152673,absolute,1
356,Cusk,2014,0.028477299,0.06210765,absolute,1
357,Cusk,2015,0.015075343,0.020383352,absolute,1
358,Cusk,2016,0.005000431,0.00867614,absolute,1
359,Cusk,2017,0.022598615,0.037066184,absolute,1
360,Cusk,2018,0.011288098,0.01587977,absolute,1
361,Cusk,2019,0.00603676,0.010808499,absolute,1
362,Fourspot,1985,0.001080456,0.009781504,absolute,1
363,Fourspot,1986,0.004390237,0.008821742,absolute,1
364,Fourspot,1987,0.000615323,0.001642681,absolute,1
365,Fourspot,1988,0.004420019,0.009064607,absolute,1
366,Fourspot,1989,0.00074171,0.001157002,absolute,1
367,Fourspot,1990,0.000831809,0.003672949,absolute,1
368,Fourspot,1991,0.001232879,0.004955185,absolute,1
369,Fourspot,1992,0.0073762,0.016505446,absolute,1
370,Fourspot,1993,0.005106493,0.006771296,absolute,1
371,Fourspot,1994,0.001040822,0.003281102,absolute,1
372,Fourspot,1995,0.000379974,0.000701754,absolute,1
373,Fourspot,1996,0.003071622,0.008238682,absolute,1
374,Fourspot,1997,0.002235984,0.005353971,absolute,1
375,Fourspot,1998,0.001518919,0.00330515,absolute,1
376,Fourspot,1999,0.001414237,0.00412718,absolute,1
377,Fourspot,2000,0.003243218,0.007383116,absolute,1
378,Fourspot,2001,0.002332974,0.004766318,absolute,1
379,Fourspot,2002,0.007815297,0.011595146,absolute,1
380,Fourspot,2003,0.000679123,0.003096543,absolute,1
381,Fourspot,2004,0.001211248,0.002482896,absolute,1
382,Fourspot,2005,0.000721433,0.003948115,absolute,1
383,Fourspot,2006,0.00090111,0.003671511,absolute,1
384,Fourspot,2007,0.001155338,0.003956123,absolute,1
385,Fourspot,2008,0.001415216,0.003430594,absolute,1
386,Fourspot,2009,0.002651777,0.00715586,absolute,1
387,Fourspot,2010,0.00111976,0.004328563,absolute,1
388,Fourspot,2011,0.003619294,0.012551719,absolute,1
389,Fourspot,2012,0.002756624,0.006935546,absolute,1
390,Fourspot,2013,0.001040633,0.003760009,absolute,1
391,Fourspot,2014,0.002173226,0.009093912,absolute,1
392,Fourspot,2015,0.001784708,0.007061064,absolute,1
393,Fourspot,2016,0.001302446,0.005153896,absolute,1
394,Fourspot,2017,0.004889372,0.013793223,absolute,1
395,Fourspot,2018,0.001121332,0.003872715,absolute,1
396,Fourspot,2019,0.00140122,0.006486152,absolute,1
397,Goosefish,1985,0.081588812,0.208154674,absolute,1
398,Goosefish,1986,0.079708607,0.334827471,absolute,1
399,Goosefish,1987,0.047012773,0.136332448,absolute,1
400,Goosefish,1988,0.082841278,0.237526833,absolute,1
401,Goosefish,1989,0.059285883,0.19003773,absolute,1
402,Goosefish,1990,0.041249363,0.129124089,absolute,1
403,Goosefish,1991,0.046266817,0.175515409,absolute,1
404,Goosefish,1992,0.039650316,0.143085975,absolute,1
405,Goosefish,1993,0.062206724,0.1467518,absolute,1
406,Goosefish,1994,0.020473856,0.097515234,absolute,1
407,Goosefish,1995,0.058516305,0.224804071,absolute,1
408,Goosefish,1996,0.033535085,0.129137554,absolute,1
409,Goosefish,1997,0.024529647,0.090244429,absolute,1
410,Goosefish,1998,0.029439595,0.116470184,absolute,1
411,Goosefish,1999,0.025601804,0.104176346,absolute,1
412,Goosefish,2000,0.076767066,0.329069045,absolute,1
413,Goosefish,2001,0.046499102,0.25748354,absolute,1
414,Goosefish,2002,0.042748505,0.202881,absolute,1
415,Goosefish,2003,0.051328512,0.24512124,absolute,1
416,Goosefish,2004,0.027406547,0.086376242,absolute,1
417,Goosefish,2005,0.034230234,0.113790108,absolute,1
418,Goosefish,2006,0.039277056,0.15174458,absolute,1
419,Goosefish,2007,0.045778285,0.134988132,absolute,1
420,Goosefish,2008,0.045848362,0.14126085,absolute,1
421,Goosefish,2009,0.011784535,0.0636284,absolute,1
422,Goosefish,2010,0.0124812,0.074959021,absolute,1
423,Goosefish,2011,0.018961009,0.107629403,absolute,1
424,Goosefish,2012,0.01308688,0.097424125,absolute,1
425,Goosefish,2013,0.010592582,0.083050576,absolute,1
426,Goosefish,2014,0.011955473,0.10191349,absolute,1
427,Goosefish,2015,0.018437801,0.146002201,absolute,1
428,Goosefish,2016,0.023700894,0.184603107,absolute,1
429,Goosefish,2017,0.020355218,0.205626628,absolute,1
430,Goosefish,2018,0.020752065,0.247679582,absolute,1
431,Goosefish,2019,0.019991013,0.187362094,absolute,1
432,Haddock,1985,0.159149847,0.64633062,absolute,1
433,Haddock,1986,0.076735544,0.365340888,absolute,1
434,Haddock,1987,0.134372515,0.418328154,absolute,1
435,Haddock,1988,0.097380966,0.164712571,absolute,1
436,Haddock,1989,0.150434405,0.348032831,absolute,1
437,Haddock,1990,0.048180357,0.124669343,absolute,1
438,Haddock,1991,0.02383804,0.052029082,absolute,1
439,Haddock,1992,0.104511544,0.203825204,absolute,1
440,Haddock,1993,0.042496947,0.079777096,absolute,1
441,Haddock,1994,0.140994531,0.224103443,absolute,1
442,Haddock,1995,0.181492839,0.298360471,absolute,1
443,Haddock,1996,0.145783469,0.401046997,absolute,1
444,Haddock,1997,0.095181729,0.435869115,absolute,1
445,Haddock,1998,0.115517722,0.33290475,absolute,1
446,Haddock,1999,1.452817385,3.023686979,absolute,1
447,Haddock,2000,0.796863038,1.902225226,absolute,1
448,Haddock,2001,0.746687877,2.128291611,absolute,1
449,Haddock,2002,0.177912349,0.678617725,absolute,1
450,Haddock,2003,0.88224958,1.729127377,absolute,1
451,Haddock,2004,1.101119509,2.250382794,absolute,1
452,Haddock,2005,0.875101489,3.031860698,absolute,1
453,Haddock,2006,0.799003307,2.670750051,absolute,1
454,Haddock,2007,1.450907345,3.156362572,absolute,1
455,Haddock,2008,0.504242697,1.174997382,absolute,1
456,Haddock,2009,0.660866847,1.479485261,absolute,1
457,Haddock,2010,0.25676475,0.921861769,absolute,1
458,Haddock,2011,0.506809562,1.388806248,absolute,1
459,Haddock,2012,0.619148409,1.818309942,absolute,1
460,Haddock,2013,1.973036144,5.399754965,absolute,1
461,Haddock,2014,1.976716713,6.670452522,absolute,1
462,Haddock,2015,1.173165311,6.161582323,absolute,1
463,Haddock,2016,2.149968171,12.08982861,absolute,1
464,Haddock,2017,1.398981851,6.207244629,absolute,1
465,Haddock,2018,0.747079732,5.712824395,absolute,1
466,Haddock,2019,0.959371315,3.552678235,absolute,1
467,Illex,1985,0.022590125,0.074801732,absolute,1
468,Illex,1986,0.012025144,0.027485437,absolute,1
469,Illex,1987,0.011656129,0.044346809,absolute,1
470,Illex,1988,0.072206306,0.23599445,absolute,1
471,Illex,1989,0.027248105,0.111584247,absolute,1
472,Illex,1990,0.040223324,0.226444543,absolute,1
473,Illex,1991,0.019912741,0.058872005,absolute,1
474,Illex,1992,0.007558654,0.03520637,absolute,1
475,Illex,1993,0.040763816,0.132501313,absolute,1
476,Illex,1994,0.058389406,0.081162753,absolute,1
477,Illex,1995,0.004355263,0.019158925,absolute,1
478,Illex,1996,0.031754892,0.077005521,absolute,1
479,Illex,1997,0.011789865,0.050185987,absolute,1
480,Illex,1998,0.028244727,0.107242547,absolute,1
481,Illex,1999,0.009514466,0.051414178,absolute,1
482,Illex,2000,0.014224302,0.051634049,absolute,1
483,Illex,2001,0.003369664,0.015231746,absolute,1
484,Illex,2002,0.010436153,0.02679,absolute,1
485,Illex,2003,0.004688089,0.019105306,absolute,1
486,Illex,2004,0.013292802,0.064615149,absolute,1
487,Illex,2005,0.007274048,0.025260994,absolute,1
488,Illex,2006,0.079440158,0.34670568,absolute,1
489,Illex,2007,0.031653156,0.129439358,absolute,1
490,Illex,2008,0.029627585,0.130434386,absolute,1
491,Illex,2009,0.015208611,0.10011739,absolute,1
492,Illex,2010,0.009126465,0.037037472,absolute,1
493,Illex,2011,0.015745938,0.061344144,absolute,1
494,Illex,2012,0.014640199,0.07714655,absolute,1
495,Illex,2013,0.007865625,0.046004624,absolute,1
496,Illex,2014,0.017045208,0.118881211,absolute,1
497,Illex,2015,0.007566378,0.063984673,absolute,1
498,Illex,2016,0.05290569,0.082096055,absolute,1
499,Illex,2017,0.017471759,0.061325159,absolute,1
500,Illex,2018,0.015893413,0.125791784,absolute,1
501,Illex,2019,0.010497814,0.059605657,absolute,1
502,LittleSkate,1985,0.00862695,0.104137738,absolute,1
503,LittleSkate,1986,0.008285219,0.017418664,absolute,1
504,LittleSkate,1987,0.010842637,0.029059271,absolute,1
505,LittleSkate,1988,0.006116584,0.073706514,absolute,1
506,LittleSkate,1989,0.005915309,0.014802667,absolute,1
507,LittleSkate,1990,0.004815018,0.021033779,absolute,1
508,LittleSkate,1991,0.003067704,0.016539567,absolute,1
509,LittleSkate,1992,0.010466745,0.036400274,absolute,1
510,LittleSkate,1993,0.008546661,0.020897086,absolute,1
511,LittleSkate,1994,0.013610808,0.035292929,absolute,1
512,LittleSkate,1995,0.015125257,0.030126342,absolute,1
513,LittleSkate,1996,0.007182162,0.122291903,absolute,1
514,LittleSkate,1997,0.012036784,0.022829807,absolute,1
515,LittleSkate,1998,0.002756243,0.014587162,absolute,1
516,LittleSkate,1999,0.012445505,0.043810547,absolute,1
517,LittleSkate,2000,0.006647897,0.013498971,absolute,1
518,LittleSkate,2001,0.026318828,0.051533685,absolute,1
519,LittleSkate,2002,0.003077867,0.0108598,absolute,1
520,LittleSkate,2003,0.016446075,0.036183407,absolute,1
521,LittleSkate,2004,0.004615292,0.010763751,absolute,1
522,LittleSkate,2005,0.010279314,0.042332345,absolute,1
523,LittleSkate,2006,0.025234613,0.100543591,absolute,1
524,LittleSkate,2007,0.00059251,0.012884753,absolute,1
525,LittleSkate,2008,0.017697353,0.034227024,absolute,1
526,LittleSkate,2009,0.013300332,0.044754851,absolute,1
527,LittleSkate,2010,0.013403189,0.097860754,absolute,1
528,LittleSkate,2011,0.003682673,0.014005418,absolute,1
529,LittleSkate,2012,0.006178292,0.038248984,absolute,1
530,LittleSkate,2013,0.005397418,0.020471214,absolute,1
531,LittleSkate,2014,0.005367254,0.026359048,absolute,1
532,LittleSkate,2015,0.004862001,0.016309269,absolute,1
533,LittleSkate,2016,0.002174733,0.011641699,absolute,1
534,LittleSkate,2017,0.00787722,0.019531802,absolute,1
535,LittleSkate,2018,0.001382738,0.007761682,absolute,1
536,LittleSkate,2019,0.008426949,0.022809614,absolute,1
537,Loligo,1985,0.036889555,0.08535858,absolute,1
538,Loligo,1986,0.001835247,0.00632835,absolute,1
539,Loligo,1987,0.005288267,0.011397141,absolute,1
540,Loligo,1988,0.006034385,0.01769595,absolute,1
541,Loligo,1989,0.014459051,0.044063987,absolute,1
542,Loligo,1990,0.001383566,0.006068093,absolute,1
543,Loligo,1991,0.003040528,0.005950863,absolute,1
544,Loligo,1992,0.000350757,0.00609743,absolute,1
545,Loligo,1993,0.003873916,0.008060172,absolute,1
546,Loligo,1994,0.004048611,0.057937535,absolute,1
547,Loligo,1995,0.002329721,0.013349141,absolute,1
548,Loligo,1996,0.022184874,0.035595183,absolute,1
549,Loligo,1997,0.004292334,0.032914909,absolute,1
550,Loligo,1998,0.002002076,0.01483379,absolute,1
551,Loligo,1999,0.022637418,0.077641626,absolute,1
552,Loligo,2000,0.008792314,0.0295848,absolute,1
553,Loligo,2001,0.004703044,0.022780784,absolute,1
554,Loligo,2002,0.010566223,0.078899352,absolute,1
555,Loligo,2003,0.006871834,0.026352454,absolute,1
556,Loligo,2004,0.013248394,0.059879233,absolute,1
557,Loligo,2005,0.007200289,0.019339323,absolute,1
558,Loligo,2006,0.01967218,0.076120682,absolute,1
559,Loligo,2007,0.009152959,0.080766659,absolute,1
560,Loligo,2008,0.017087103,0.051950397,absolute,1
561,Loligo,2009,0.010463871,0.060419943,absolute,1
562,Loligo,2010,0.00947383,0.027779415,absolute,1
563,Loligo,2011,0.01040519,0.036371632,absolute,1
564,Loligo,2012,0.021716231,0.096044754,absolute,1
565,Loligo,2013,0.002169661,0.013656213,absolute,1
566,Loligo,2014,0.010319848,0.044711594,absolute,1
567,Loligo,2015,0.014929402,0.059627144,absolute,1
568,Loligo,2016,0.017436005,0.073096592,absolute,1
569,Loligo,2017,0.002244867,0.024800831,absolute,1
570,Loligo,2018,0.006792216,0.025628803,absolute,1
571,Loligo,2019,0.006222052,0.020521701,absolute,1
572,Macrobenthos,1985,0.001326548,28.892,absolute,1
573,Macrobenthos,1986,0.004312084,120.6150304,absolute,1
574,Macrobenthos,1988,0.003269129,82.85363653,absolute,1
575,Macrobenthos,1989,0.002437509,98.48877629,absolute,1
576,Macrobenthos,1990,0.005363901,260.8950189,absolute,1
577,Macrobenthos,1991,0.003007716,124.8762226,absolute,1
578,Macrobenthos,1992,0.002038885,56.37616608,absolute,1
579,Macrobenthos,1993,0.002746086,130.2592451,absolute,1
580,Macrobenthos,1994,0.000812577,21.69598957,absolute,1
581,Macrobenthos,1995,0.006067135,273.9031736,absolute,1
582,Macrobenthos,1996,0.001940586,84.53130056,absolute,1
583,Macrobenthos,1997,0.000277227,23.52111501,absolute,1
584,Macrobenthos,1998,0.002465225,224.28262,absolute,1
585,Macrobenthos,1999,0.000893826,38.93475576,absolute,1
586,Macrobenthos,2000,0.002494504,138.4157534,absolute,1
587,Macrobenthos,2001,0.000819404,55.90774335,absolute,1
588,Macrobenthos,2002,0.000847859,47.25664783,absolute,1
589,Macrobenthos,2003,0.002969776,210.0881901,absolute,1
590,Macrobenthos,2004,0.001055929,89.92072945,absolute,1
591,Macrobenthos,2005,0.000504832,29.86143405,absolute,1
592,Macrobenthos,2006,0.000569571,58.98643404,absolute,1
593,Macrobenthos,2007,0.000649545,39.85863853,absolute,1
594,Macrobenthos,2008,0.000566756,31.56574582,absolute,1
595,Macrobenthos,2009,0.001404162,130.9185926,absolute,1
596,Macrobenthos,2010,0.000406995,18.92708201,absolute,1
597,Macrobenthos,2011,0.000479932,30.09566614,absolute,1
598,Macrobenthos,2012,0.000396431,29.17002513,absolute,1
599,Macrobenthos,2013,4.54E-05,1.225839613,absolute,1
600,Macrobenthos,2014,0.000295635,27.34534749,absolute,1
601,Macrobenthos,2015,0.00062565,21.61492993,absolute,1
602,Macrobenthos,2016,0.000926193,22.19177779,absolute,1
603,Macrobenthos,2017,0.000933982,28.52048255,absolute,1
604,Macrobenthos,2018,0,87.22713983,absolute,1
605,Macrobenthos,2019,7.75E-05,1.686850081,absolute,1
606,Megabenthos,1985,0.000672069,6.261976768,absolute,1
607,Megabenthos,1986,0.001581038,14.09436083,absolute,1
608,Megabenthos,1987,0.00065004,4.941407384,absolute,1
609,Megabenthos,1988,0.001165891,5.660923328,absolute,1
610,Megabenthos,1989,0.001110105,11.01997351,absolute,1
611,Megabenthos,1990,0.001140421,7.6382976,absolute,1
612,Megabenthos,1991,0.000204967,1.561808455,absolute,1
613,Megabenthos,1992,0.001838628,14.64192998,absolute,1
614,Megabenthos,1993,0.001671171,19.80876966,absolute,1
615,Megabenthos,1994,0.001813651,27.31701887,absolute,1
616,Megabenthos,1995,0.002267955,32.22480487,absolute,1
617,Megabenthos,1996,0.004545321,37.30065344,absolute,1
618,Megabenthos,1997,0.002427921,34.77737552,absolute,1
619,Megabenthos,1998,0.001923182,17.48417158,absolute,1
620,Megabenthos,1999,0.001964203,41.99497508,absolute,1
621,Megabenthos,2000,0.003128646,57.98388743,absolute,1
622,Megabenthos,2001,0.003470433,95.38903164,absolute,1
623,Megabenthos,2002,0.001222089,22.74320108,absolute,1
624,Megabenthos,2003,0.001442598,31.69678129,absolute,1
625,Megabenthos,2004,0.002705612,31.79995944,absolute,1
626,Megabenthos,2005,0.002355238,22.88086414,absolute,1
627,Megabenthos,2006,0.000518202,8.6110493,absolute,1
628,Megabenthos,2007,0.000441316,6.952045402,absolute,1
629,Megabenthos,2008,0.000816536,14.07606341,absolute,1
630,Megabenthos,2009,0.003540237,58.97810998,absolute,1
631,Megabenthos,2010,0.002024936,27.03152578,absolute,1
632,Megabenthos,2011,0.003529092,55.74440495,absolute,1
633,Megabenthos,2012,0.003408416,66.66245842,absolute,1
634,Megabenthos,2013,0.003209817,58.9114094,absolute,1
635,Megabenthos,2014,0.002321799,70.99812506,absolute,1
636,Megabenthos,2015,0.004885145,135.7599196,absolute,1
637,Megabenthos,2016,0.004543023,143.9631452,absolute,1
638,Megabenthos,2017,0.00252349,71.66994723,absolute,1
639,Megabenthos,2018,0.005573797,108.0480716,absolute,1
640,Megabenthos,2019,0.001916501,87.96372206,absolute,1
641,Mesopelagics,1985,0.000387417,0.02523605,absolute,1
642,Mesopelagics,1986,0.000105805,0.004232218,absolute,1
643,Mesopelagics,1987,0.000211611,0.004232218,absolute,1
644,Mesopelagics,1988,0,0,absolute,1
645,Mesopelagics,1989,0.000209031,0.028333658,absolute,1
646,Mesopelagics,1990,0.000286334,0.033742015,absolute,1
647,Mesopelagics,1991,9.19E-05,0.007499979,absolute,1
648,Mesopelagics,1992,0,0,absolute,1
649,Mesopelagics,1993,0.000137126,0.024101439,absolute,1
650,Mesopelagics,1994,9.05E-05,0.009052506,absolute,1
651,Mesopelagics,1995,0.000138708,0.02264631,absolute,1
652,Mesopelagics,1996,0.000105805,0.004232218,absolute,1
653,Mesopelagics,1997,0,0,absolute,1
654,Mesopelagics,1998,6.03E-05,0.004820288,absolute,1
655,Mesopelagics,1999,4.23E-05,0.004232218,absolute,1
656,Mesopelagics,2000,0.000157781,0.019281151,absolute,1
657,Mesopelagics,2001,0.000101644,0.010815177,absolute,1
658,Mesopelagics,2002,9.42E-05,0.021232033,absolute,1
659,Mesopelagics,2003,0.000103879,0.011021212,absolute,1
660,Mesopelagics,2004,5.54E-06,0.000424481,absolute,1
661,Mesopelagics,2005,4.72E-05,0.003359877,absolute,1
662,Mesopelagics,2006,4.48E-05,0.004485545,absolute,1
663,Mesopelagics,2007,0.000140106,0.009480474,absolute,1
664,Mesopelagics,2008,6.30E-05,0.006202993,absolute,1
665,Mesopelagics,2009,0.00023976,0.028589592,absolute,1
666,Mesopelagics,2010,0.00026356,0.074570568,absolute,1
667,Mesopelagics,2011,0.000544122,0.096264436,absolute,1
668,Mesopelagics,2012,6.26E-05,0.006946971,absolute,1
669,Mesopelagics,2013,0.000156348,0.019319556,absolute,1
670,Mesopelagics,2014,0.000193249,0.043157486,absolute,1
671,Mesopelagics,2015,0.000247591,0.038743702,absolute,1
672,Mesopelagics,2016,0.000108527,0.031410439,absolute,1
673,Mesopelagics,2017,0.000565548,0.027331068,absolute,1
674,Mesopelagics,2018,0.000263795,0.026833113,absolute,1
675,Mesopelagics,2019,0.000453925,0.062802041,absolute,1
676,NShrimp,1986,0.042981287,1.091409622,absolute,1
677,NShrimp,1987,0.04534956,0.657696832,absolute,1
678,NShrimp,1988,0.031612669,0.494656331,absolute,1
679,NShrimp,1989,0.038535253,0.833016362,absolute,1
680,NShrimp,1990,0.03284684,0.761305751,absolute,1
681,NShrimp,1991,0.018103658,0.44313355,absolute,1
682,NShrimp,1992,0.013342429,0.260344912,absolute,1
683,NShrimp,1993,0.0529139,0.755433386,absolute,1
684,NShrimp,1994,0.052452946,0.950493953,absolute,1
685,NShrimp,1995,0.043991402,0.951767906,absolute,1
686,NShrimp,1996,0.014940208,0.489851792,absolute,1
687,NShrimp,1997,0.034406358,0.552073103,absolute,1
688,NShrimp,1998,0.030873787,1.026541684,absolute,1
689,NShrimp,1999,0.038509952,0.954845638,absolute,1
690,NShrimp,2000,0.032220334,0.64949392,absolute,1
691,NShrimp,2001,0.013845739,0.263164473,absolute,1
692,NShrimp,2002,0.035395345,0.702361322,absolute,1
693,NShrimp,2003,0.028537221,0.46049201,absolute,1
694,NShrimp,2004,0.053510065,0.699703716,absolute,1
695,NShrimp,2005,0.055026575,1.370262468,absolute,1
696,NShrimp,2006,0.10647271,2.766132921,absolute,1
697,NShrimp,2007,0.083473553,1.736009067,absolute,1
698,NShrimp,2008,0.043455237,1.285471765,absolute,1
699,NShrimp,2009,0.168306568,3.598568544,absolute,1
700,NShrimp,2010,0.139102636,2.379873002,absolute,1
701,NShrimp,2011,0.114608732,2.460614699,absolute,1
702,NShrimp,2012,0.072943064,1.615877698,absolute,1
703,NShrimp,2013,0.03056503,0.526994741,absolute,1
704,NShrimp,2014,0.068494921,0.774344227,absolute,1
705,NShrimp,2015,0.017195136,0.343306357,absolute,1
706,NShrimp,2016,0.007793642,0.229816728,absolute,1
707,NShrimp,2017,0.017147245,0.274656778,absolute,1
708,NShrimp,2018,0.130729841,1.355509182,absolute,1
709,OceanPout,1985,0.012581312,0.081997951,absolute,1
710,OceanPout,1986,0.004445637,0.022177106,absolute,1
711,OceanPout,1987,0.002626246,0.020022064,absolute,1
712,OceanPout,1988,0.005998195,0.037811968,absolute,1
713,OceanPout,1989,0.018817,0.055158242,absolute,1
714,OceanPout,1990,0.038449779,0.121632629,absolute,1
715,OceanPout,1991,0.007395222,0.056187738,absolute,1
716,OceanPout,1992,0.006888548,0.046248501,absolute,1
717,OceanPout,1993,0.021805118,0.146263703,absolute,1
718,OceanPout,1994,0.009380434,0.089719237,absolute,1
719,OceanPout,1995,0.010596916,0.079402251,absolute,1
720,OceanPout,1996,0.012487691,0.085224542,absolute,1
721,OceanPout,1997,0.002980554,0.015006368,absolute,1
722,OceanPout,1998,0.005164128,0.037546838,absolute,1
723,OceanPout,1999,0.010257216,0.069107625,absolute,1
724,OceanPout,2000,0.023240932,0.096276842,absolute,1
725,OceanPout,2001,0.004546965,0.035995364,absolute,1
726,OceanPout,2002,0.001943536,0.008932513,absolute,1
727,OceanPout,2003,0.003081644,0.018568973,absolute,1
728,OceanPout,2004,0.007790707,0.031085499,absolute,1
729,OceanPout,2005,0.008567173,0.021513421,absolute,1
730,OceanPout,2006,0.001006933,0.004598633,absolute,1
731,OceanPout,2007,0.000890166,0.003780135,absolute,1
732,OceanPout,2008,0.004420731,0.021607888,absolute,1
733,OceanPout,2009,0.001454957,0.007557282,absolute,1
734,OceanPout,2010,0.00128134,0.005789933,absolute,1
735,OceanPout,2011,0.005652072,0.020245171,absolute,1
736,OceanPout,2012,0.001967589,0.01254727,absolute,1
737,OceanPout,2013,0.001886416,0.011003487,absolute,1
738,OceanPout,2014,0.004705485,0.027095339,absolute,1
739,OceanPout,2015,0.004038874,0.02132279,absolute,1
740,OceanPout,2016,0.004191215,0.019578196,absolute,1
741,OceanPout,2017,0.002734602,0.018430213,absolute,1
742,OceanPout,2018,0.005987037,0.022190676,absolute,1
743,OceanPout,2019,0.003474644,0.014260532,absolute,1
744,OtherCephalopods,1986,0,0,absolute,1
745,OtherCephalopods,1987,0,0,absolute,1
746,OtherCephalopods,1989,0.000277227,0.016633598,absolute,1
747,OtherCephalopods,1990,0,0,absolute,1
748,OtherCephalopods,1992,0.000132655,0.007959289,absolute,1
749,OtherCephalopods,1995,0.000311495,0.058217593,absolute,1
750,OtherCephalopods,1996,0.000189382,0.024950397,absolute,1
751,OtherCephalopods,1997,0.000222531,0.024855632,absolute,1
752,OtherCephalopods,1998,0.000139413,0.023264585,absolute,1
753,OtherCephalopods,1999,0.000252836,0.05220938,absolute,1
754,OtherCephalopods,2000,0.000457955,0.084883639,absolute,1
755,OtherCephalopods,2001,0.00033198,0.169128587,absolute,1
756,OtherCephalopods,2002,0.000385408,0.088853187,absolute,1
757,OtherCephalopods,2003,0.000270471,0.090856181,absolute,1
758,OtherCephalopods,2004,0.000483242,0.099810051,absolute,1
759,OtherCephalopods,2005,0.000229338,0.039839317,absolute,1
760,OtherCephalopods,2006,0.000135808,0.019538532,absolute,1
761,OtherCephalopods,2007,0.000441804,0.153196972,absolute,1
762,OtherCephalopods,2008,0.000782118,0.1739719,absolute,1
763,OtherCephalopods,2009,0.002074253,0.292820215,absolute,1
764,OtherCephalopods,2010,0.000534693,0.293966992,absolute,1
765,OtherCephalopods,2011,0.001341005,0.425797697,absolute,1
766,OtherCephalopods,2012,0.000486834,0.325512752,absolute,1
767,OtherCephalopods,2013,0.00079669,0.506772443,absolute,1
768,OtherCephalopods,2014,0.001411972,0.650039825,absolute,1
769,OtherCephalopods,2015,0.000681658,0.499699327,absolute,1
770,OtherCephalopods,2016,0.000400699,0.356750507,absolute,1
771,OtherCephalopods,2017,0.000372292,0.195019135,absolute,1
772,OtherCephalopods,2018,0.001140828,0.67721971,absolute,1
773,OtherCephalopods,2019,0.000690174,0.456367037,absolute,1
774,OtherDemersals,1985,0.003514748,0.429781818,absolute,1
775,OtherDemersals,1986,0.002639443,0.281465758,absolute,1
776,OtherDemersals,1987,0.002245459,0.174104497,absolute,1
777,OtherDemersals,1988,0.002289269,0.213889392,absolute,1
778,OtherDemersals,1989,0.003324896,0.325280421,absolute,1
779,OtherDemersals,1990,0.002277631,0.233172857,absolute,1
780,OtherDemersals,1991,0.003648576,0.362862032,absolute,1
781,OtherDemersals,1992,0.003403596,0.331923909,absolute,1
782,OtherDemersals,1993,0.00234472,0.221978845,absolute,1
783,OtherDemersals,1994,0.003270306,0.383420012,absolute,1
784,OtherDemersals,1995,0.008260457,0.452094243,absolute,1
785,OtherDemersals,1996,0.003193961,0.248682597,absolute,1
786,OtherDemersals,1997,0.0032614,0.251765711,absolute,1
787,OtherDemersals,1998,0.001448277,0.137652362,absolute,1
788,OtherDemersals,1999,0.002165596,0.370989202,absolute,1
789,OtherDemersals,2000,0.00369538,0.394226494,absolute,1
790,OtherDemersals,2001,0.002162696,0.213810483,absolute,1
791,OtherDemersals,2002,0.004547447,0.325865242,absolute,1
792,OtherDemersals,2003,0.006632949,0.355698855,absolute,1
793,OtherDemersals,2004,0.003121799,0.257567631,absolute,1
794,OtherDemersals,2005,0.002502614,0.261426666,absolute,1
795,OtherDemersals,2006,0.002247667,0.261745733,absolute,1
796,OtherDemersals,2007,0.008552756,0.533072067,absolute,1
797,OtherDemersals,2008,0.00664055,0.571546462,absolute,1
798,OtherDemersals,2009,0.005998034,0.701599775,absolute,1
799,OtherDemersals,2010,0.003338776,0.368247731,absolute,1
800,OtherDemersals,2011,0.002105044,0.294596557,absolute,1
801,OtherDemersals,2012,0.003300651,0.402044927,absolute,1
802,OtherDemersals,2013,0.005299319,0.438896491,absolute,1
803,OtherDemersals,2014,0.005380975,0.786671628,absolute,1
804,OtherDemersals,2015,0.003792422,0.450121564,absolute,1
805,OtherDemersals,2016,0.004551061,0.53920219,absolute,1
806,OtherDemersals,2017,0.006863145,0.460501975,absolute,1
807,OtherDemersals,2018,0.007226303,0.504717082,absolute,1
808,OtherDemersals,2019,0.005040343,0.358377414,absolute,1
809,OtherPelagics,1985,0.0003272,1.385209954,absolute,1
810,OtherPelagics,1986,0.001996401,1.714579809,absolute,1
811,OtherPelagics,1987,0.000784169,5.166691065,absolute,1
812,OtherPelagics,1988,0.000277227,0.049900794,absolute,1
813,OtherPelagics,1989,0.00362079,0.674203198,absolute,1
814,OtherPelagics,1990,7.62E-05,0.323220084,absolute,1
815,OtherPelagics,1991,0.000162539,0.900855778,absolute,1
816,OtherPelagics,1992,0.000562834,1.594596793,absolute,1
817,OtherPelagics,1993,0.000103498,1.136903367,absolute,1
818,OtherPelagics,1994,8.13E-05,1.035549093,absolute,1
819,OtherPelagics,1995,8.07E-05,0.673122089,absolute,1
820,OtherPelagics,1996,0.000860915,0.878722364,absolute,1
821,OtherPelagics,1997,0.013581514,7.402722201,absolute,1
822,OtherPelagics,1998,0,0.414717336,absolute,1
823,OtherPelagics,2000,0.000624764,0.844603476,absolute,1
824,OtherPelagics,2001,0.001289682,2.603521833,absolute,1
825,OtherPelagics,2002,0.003114484,8.131139236,absolute,1
826,OtherPelagics,2003,0.000746539,0.26983887,absolute,1
827,OtherPelagics,2004,0.001987485,3.794120185,absolute,1
828,OtherPelagics,2005,2.68E-05,0.939970788,absolute,1
829,OtherPelagics,2006,0.001160887,1.008058836,absolute,1
830,OtherPelagics,2007,6.99E-05,0.884699704,absolute,1
831,OtherPelagics,2008,0.002140448,0.780244264,absolute,1
832,OtherPelagics,2009,8.36E-05,0.064067598,absolute,1
833,OtherPelagics,2010,6.17E-05,0.035185953,absolute,1
834,OtherPelagics,2011,0.004284924,0.965150024,absolute,1
835,OtherPelagics,2012,0.022729695,12.62201677,absolute,1
836,OtherPelagics,2013,0.00249445,3.044903331,absolute,1
837,OtherPelagics,2014,0.00419107,4.483574972,absolute,1
838,OtherPelagics,2015,0.001453111,2.506180681,absolute,1
839,OtherPelagics,2016,0.001730317,2.311652751,absolute,1
840,OtherPelagics,2017,0.000234095,0.208488553,absolute,1
841,OtherPelagics,2018,0.006685939,10.90743899,absolute,1
842,OtherPelagics,2019,0.000704468,0.926935414,absolute,1
843,OtherShrimps,1985,0.043373511,1.202864888,absolute,1
844,OtherShrimps,1986,0.049931394,1.722138255,absolute,1
845,OtherShrimps,1987,0.043614087,1.092517056,absolute,1
846,OtherShrimps,1988,0.031619293,0.919517512,absolute,1
847,OtherShrimps,1989,0.047384305,1.439046254,absolute,1
848,OtherShrimps,1990,0.031293565,1.38241086,absolute,1
849,OtherShrimps,1991,0.000882045,0.104712513,absolute,1
850,OtherShrimps,1992,0.001772867,0.150581254,absolute,1
851,OtherShrimps,1993,0.003180805,0.241303887,absolute,1
852,OtherShrimps,1994,0.004144948,0.427422735,absolute,1
853,OtherShrimps,1995,0.008449959,1.784733569,absolute,1
854,OtherShrimps,1996,0.002988951,0.903030182,absolute,1
855,OtherShrimps,1997,0.003335369,0.34655137,absolute,1
856,OtherShrimps,1998,0.007208461,1.898173727,absolute,1
857,OtherShrimps,1999,0.006263585,1.453741957,absolute,1
858,OtherShrimps,2000,0.004402509,0.840340086,absolute,1
859,OtherShrimps,2001,0.000824363,0.174954422,absolute,1
860,OtherShrimps,2002,0.00124975,0.229261259,absolute,1
861,OtherShrimps,2003,0.001136658,0.2146424,absolute,1
862,OtherShrimps,2004,0.01079905,0.841744192,absolute,1
863,OtherShrimps,2005,0.003417009,0.519853227,absolute,1
864,OtherShrimps,2006,0.003412073,0.333992521,absolute,1
865,OtherShrimps,2007,0.003237015,0.213068532,absolute,1
866,OtherShrimps,2008,0.010475643,0.667018354,absolute,1
867,OtherShrimps,2009,0.004665126,0.419095517,absolute,1
868,OtherShrimps,2010,0.006414578,0.537487727,absolute,1
869,OtherShrimps,2011,0.007067252,0.371236307,absolute,1
870,OtherShrimps,2012,0.009779344,1.991224767,absolute,1
871,OtherShrimps,2013,0.007220163,1.723929537,absolute,1
872,OtherShrimps,2014,0.011410262,2.0608313,absolute,1
873,OtherShrimps,2015,0.006687644,1.444949867,absolute,1
874,OtherShrimps,2016,0.003493873,1.106907294,absolute,1
875,OtherShrimps,2017,0.003887232,0.893368165,absolute,1
876,OtherShrimps,2018,0.016187616,2.363279965,absolute,1
877,OtherShrimps,2019,0.022275339,0.868563953,absolute,1
878,OtherSkates,1985,0.116339718,0.206984442,absolute,1
879,OtherSkates,1986,0.06519672,0.132114673,absolute,1
880,OtherSkates,1987,0.030245622,0.059050257,absolute,1
881,OtherSkates,1988,0.050104891,0.102342723,absolute,1
882,OtherSkates,1989,0.090423216,0.113466367,absolute,1
883,OtherSkates,1990,0.057208565,0.118699961,absolute,1
884,OtherSkates,1991,0.124938296,0.1320309,absolute,1
885,OtherSkates,1992,0.035622946,0.053521541,absolute,1
886,OtherSkates,1993,0.068289903,0.097190259,absolute,1
887,OtherSkates,1994,0.123888379,0.112115599,absolute,1
888,OtherSkates,1995,0.051481769,0.063255482,absolute,1
889,OtherSkates,1996,0.038711502,0.055002031,absolute,1
890,OtherSkates,1997,0.051313162,0.062876996,absolute,1
891,OtherSkates,1998,0.034033333,0.037548666,absolute,1
892,OtherSkates,1999,0.021850958,0.026388424,absolute,1
893,OtherSkates,2000,0.049303278,0.064569317,absolute,1
894,OtherSkates,2001,0.03478872,0.038262134,absolute,1
895,OtherSkates,2002,0.027966348,0.034477771,absolute,1
896,OtherSkates,2003,0.035503682,0.051387872,absolute,1
897,OtherSkates,2004,0.045192509,0.053796008,absolute,1
898,OtherSkates,2005,0.021102222,0.02025461,absolute,1
899,OtherSkates,2006,0.044551073,0.067761477,absolute,1
900,OtherSkates,2007,0.027010056,0.029247376,absolute,1
901,OtherSkates,2008,0.022513266,0.02071135,absolute,1
902,OtherSkates,2009,0.01661042,0.026504925,absolute,1
903,OtherSkates,2010,0.018781407,0.029408479,absolute,1
904,OtherSkates,2011,0.011004834,0.019536957,absolute,1
905,OtherSkates,2012,0.009439136,0.017446283,absolute,1
906,OtherSkates,2013,0.007911739,0.014382426,absolute,1
907,OtherSkates,2014,0.012824882,0.028221492,absolute,1
908,OtherSkates,2015,0.013089882,0.028499137,absolute,1
909,OtherSkates,2016,0.01215163,0.022803961,absolute,1
910,OtherSkates,2017,0.029895623,0.035057168,absolute,1
911,OtherSkates,2018,0.01220767,0.025417923,absolute,1
912,OtherSkates,2019,0.014368921,0.028548152,absolute,1
913,Pollock,1985,0.096480828,0.377522141,absolute,1
914,Pollock,1986,0.064610361,0.189325743,absolute,1
915,Pollock,1987,0.171665706,0.333289582,absolute,1
916,Pollock,1988,3.336074793,2.667192874,absolute,1
917,Pollock,1989,0.158987194,0.216721234,absolute,1
918,Pollock,1990,0.263447305,0.336626553,absolute,1
919,Pollock,1991,0.128601818,0.192978827,absolute,1
920,Pollock,1992,0.188100029,0.223016254,absolute,1
921,Pollock,1993,0.078432689,0.135224749,absolute,1
922,Pollock,1994,0.025141773,0.037455763,absolute,1
923,Pollock,1995,0.026918641,0.042771068,absolute,1
924,Pollock,1996,0.13865239,0.182714891,absolute,1
925,Pollock,1997,0.128099533,0.265750136,absolute,1
926,Pollock,1998,0.094615238,0.15120711,absolute,1
927,Pollock,1999,0.344995303,0.626799884,absolute,1
928,Pollock,2000,0.23020041,0.263621329,absolute,1
929,Pollock,2001,0.308786184,0.616695861,absolute,1
930,Pollock,2002,0.153966891,0.326111867,absolute,1
931,Pollock,2003,1.632778136,1.683824067,absolute,1
932,Pollock,2004,0.087136486,0.241274884,absolute,1
933,Pollock,2005,0.717808863,1.252578838,absolute,1
934,Pollock,2006,0.206698448,0.377445656,absolute,1
935,Pollock,2007,0.071928427,0.164149411,absolute,1
936,Pollock,2008,0.28900506,0.436575896,absolute,1
937,Pollock,2009,0.017477235,0.037710936,absolute,1
938,Pollock,2010,0.463207797,0.636701163,absolute,1
939,Pollock,2011,0.373085369,0.47621102,absolute,1
940,Pollock,2012,0.187462159,0.295104149,absolute,1
941,Pollock,2013,0.066984739,0.115114309,absolute,1
942,Pollock,2014,1.052852044,1.410152845,absolute,1
943,Pollock,2015,0.323532399,0.416026545,absolute,1
944,Pollock,2016,0.166753138,0.239007293,absolute,1
945,Pollock,2017,0.169196829,0.15053312,absolute,1
946,Pollock,2018,0.04556911,0.108315568,absolute,1
947,Pollock,2019,0.268723405,0.257763241,absolute,1
948,RedHake,1985,0.08157746,0.685182642,absolute,1
949,RedHake,1986,0.050728811,0.426599675,absolute,1
950,RedHake,1987,0.029131877,0.262880018,absolute,1
951,RedHake,1988,0.038903137,0.290200884,absolute,1
952,RedHake,1989,0.045352146,0.352718452,absolute,1
953,RedHake,1990,0.061754366,0.339710431,absolute,1
954,RedHake,1991,0.104765099,0.411131942,absolute,1
955,RedHake,1992,0.038715707,0.264305265,absolute,1
956,RedHake,1993,0.028610312,0.198302734,absolute,1
957,RedHake,1994,0.034872537,0.340312733,absolute,1
958,RedHake,1995,0.049483352,0.446076468,absolute,1
959,RedHake,1996,0.164455847,0.574022617,absolute,1
960,RedHake,1997,0.057503635,0.451078965,absolute,1
961,RedHake,1998,0.06860492,0.582358521,absolute,1
962,RedHake,1999,0.050450954,0.461219719,absolute,1
963,RedHake,2000,0.114981534,0.754624101,absolute,1
964,RedHake,2001,0.062478416,0.639325414,absolute,1
965,RedHake,2002,0.105470421,0.777862459,absolute,1
966,RedHake,2003,0.059632932,0.462429968,absolute,1
967,RedHake,2004,0.034107182,0.219520603,absolute,1
968,RedHake,2005,0.018769619,0.138110729,absolute,1
969,RedHake,2006,0.030704792,0.257575753,absolute,1
970,RedHake,2007,0.042628172,0.306634622,absolute,1
971,RedHake,2008,0.04154536,0.298290399,absolute,1
972,RedHake,2009,0.025304577,0.282742439,absolute,1
973,RedHake,2010,0.027040654,0.291492877,absolute,1
974,RedHake,2011,0.056645184,0.375289382,absolute,1
975,RedHake,2012,0.033723558,0.325340411,absolute,1
976,RedHake,2013,0.054583553,0.440790046,absolute,1
977,RedHake,2014,0.060077608,0.768198788,absolute,1
978,RedHake,2015,0.079295999,0.925164899,absolute,1
979,RedHake,2016,0.059646752,0.733223844,absolute,1
980,RedHake,2017,0.080650686,0.8194175,absolute,1
981,RedHake,2018,0.068560619,0.793406336,absolute,1
982,RedHake,2019,0.065730238,0.723124938,absolute,1
983,Redfish,1985,0.124763766,1.150286853,absolute,1
984,Redfish,1986,0.189912668,1.678029444,absolute,1
985,Redfish,1987,0.121365015,1.023768398,absolute,1
986,Redfish,1988,0.295190466,1.321021589,absolute,1
987,Redfish,1989,0.141793652,1.406727144,absolute,1
988,Redfish,1990,0.284053526,2.57365028,absolute,1
989,Redfish,1991,0.255380825,1.700104416,absolute,1
990,Redfish,1992,0.160413694,1.531180089,absolute,1
991,Redfish,1993,0.259934314,2.370797703,absolute,1
992,Redfish,1994,0.176895298,1.230998854,absolute,1
993,Redfish,1995,0.076025273,0.951654996,absolute,1
994,Redfish,1996,0.703467083,6.351166787,absolute,1
995,Redfish,1997,0.511919101,3.887570738,absolute,1
996,Redfish,1998,1.017258948,6.63226649,absolute,1
997,Redfish,1999,0.372496792,4.737261995,absolute,1
998,Redfish,2000,0.511296334,5.223033282,absolute,1
999,Redfish,2001,0.49238547,5.806418569,absolute,1
1000,Redfish,2002,0.945979391,8.573611418,absolute,1
1001,Redfish,2003,2.198006981,13.50481641,absolute,1
1002,Redfish,2004,0.547437889,7.514989301,absolute,1
1003,Redfish,2005,0.764656298,9.699946893,absolute,1
1004,Redfish,2006,1.051439986,10.52631407,absolute,1
1005,Redfish,2007,0.872863215,10.49973158,absolute,1
1006,Redfish,2008,1.03330833,12.97467326,absolute,1
1007,Redfish,2009,0.606533447,8.861936317,absolute,1
1008,Redfish,2010,1.514976752,17.46588654,absolute,1
1009,Redfish,2011,1.65238012,12.34722682,absolute,1
1010,Redfish,2012,0.704429014,14.31310674,absolute,1
1011,Redfish,2013,0.493010559,6.25333062,absolute,1
1012,Redfish,2014,0.569940875,8.221978496,absolute,1
1013,Redfish,2015,1.223397428,9.987942166,absolute,1
1014,Redfish,2016,0.932034246,9.150726435,absolute,1
1015,Redfish,2017,0.415778717,5.355610078,absolute,1
1016,Redfish,2018,0.817789094,12.80352787,absolute,1
1017,Redfish,2019,0.335075833,4.223968245,absolute,1
1018,RiverHerring,1985,0.02285598,1.125256773,absolute,1
1019,RiverHerring,1986,0.003674783,0.453889611,absolute,1
1020,RiverHerring,1987,0.004578211,0.49352867,absolute,1
1021,RiverHerring,1988,0.004698988,0.82129451,absolute,1
1022,RiverHerring,1989,0.002795248,0.383315729,absolute,1
1023,RiverHerring,1990,0.001146144,0.158566021,absolute,1
1024,RiverHerring,1991,0.001081705,0.129124799,absolute,1
1025,RiverHerring,1992,0.001718555,0.346430681,absolute,1
1026,RiverHerring,1993,0.00058258,0.232038603,absolute,1
1027,RiverHerring,1994,0.000864808,1.442433677,absolute,1
1028,RiverHerring,1995,0.005862182,2.489062187,absolute,1
1029,RiverHerring,1996,0.000853942,0.092858818,absolute,1
1030,RiverHerring,1997,0.005474405,0.34346016,absolute,1
1031,RiverHerring,1998,0.003993347,1.228833467,absolute,1
1032,RiverHerring,1999,0.001723951,0.300101115,absolute,1
1033,RiverHerring,2000,0.015430557,1.542966515,absolute,1
1034,RiverHerring,2001,0.001562883,0.518366664,absolute,1
1035,RiverHerring,2002,0.054257978,4.089319265,absolute,1
1036,RiverHerring,2003,0.013185864,1.29422163,absolute,1
1037,RiverHerring,2004,0.006132326,1.022099957,absolute,1
1038,RiverHerring,2005,0.00367718,1.827931067,absolute,1
1039,RiverHerring,2006,0.022826787,2.179881913,absolute,1
1040,RiverHerring,2007,0.005698676,1.063848182,absolute,1
1041,RiverHerring,2008,0.015762317,1.998513733,absolute,1
1042,RiverHerring,2009,0.030861329,3.194478888,absolute,1
1043,RiverHerring,2010,0.059788343,6.061120442,absolute,1
1044,RiverHerring,2011,0.039202129,5.61224319,absolute,1
1045,RiverHerring,2012,0.03853748,6.186663074,absolute,1
1046,RiverHerring,2013,0.034007448,5.087572839,absolute,1
1047,RiverHerring,2014,0.143541179,14.36842258,absolute,1
1048,RiverHerring,2015,0.022670833,4.399054382,absolute,1
1049,RiverHerring,2016,0.026133135,3.390863902,absolute,1
1050,RiverHerring,2017,0.043598961,5.968980549,absolute,1
1051,RiverHerring,2018,0.064873331,7.122945424,absolute,1
1052,RiverHerring,2019,0.025176212,3.627245203,absolute,1
1053,SilverHake,1985,0.212210681,3.283233218,absolute,1
1054,SilverHake,1986,0.282555463,5.152851254,absolute,1
1055,SilverHake,1987,0.220787676,3.752880392,absolute,1
1056,SilverHake,1988,0.210033227,2.319342386,absolute,1
1057,SilverHake,1989,0.247531784,4.028291521,absolute,1
1058,SilverHake,1990,0.697863492,5.787211128,absolute,1
1059,SilverHake,1991,0.378887386,4.160010538,absolute,1
1060,SilverHake,1992,0.275346592,3.894953623,absolute,1
1061,SilverHake,1993,0.173799949,3.081622885,absolute,1
1062,SilverHake,1994,0.162048123,2.631788435,absolute,1
1063,SilverHake,1995,0.381959814,5.231426322,absolute,1
1064,SilverHake,1996,0.144492163,2.578308032,absolute,1
1065,SilverHake,1997,0.272553997,2.282237251,absolute,1
1066,SilverHake,1998,0.965405674,7.758430402,absolute,1
1067,SilverHake,1999,0.173795441,4.500952173,absolute,1
1068,SilverHake,2000,0.275514358,5.395661803,absolute,1
1069,SilverHake,2001,0.17358266,3.235507626,absolute,1
1070,SilverHake,2002,0.177154649,3.232714099,absolute,1
1071,SilverHake,2003,0.225592646,3.151584599,absolute,1
1072,SilverHake,2004,0.081798576,1.138563009,absolute,1
1073,SilverHake,2005,0.058279812,0.621808395,absolute,1
1074,SilverHake,2006,0.235150688,1.367489418,absolute,1
1075,SilverHake,2007,0.141759978,2.370209347,absolute,1
1076,SilverHake,2008,0.107923791,2.264479008,absolute,1
1077,SilverHake,2009,0.130124503,2.41188647,absolute,1
1078,SilverHake,2010,0.534336569,6.439596758,absolute,1
1079,SilverHake,2011,0.30736302,4.413975715,absolute,1
1080,SilverHake,2012,0.689362432,9.271184386,absolute,1
1081,SilverHake,2013,0.338517407,7.203196602,absolute,1
1082,SilverHake,2014,0.376129204,6.83433767,absolute,1
1083,SilverHake,2015,0.561812232,8.172120648,absolute,1
1084,SilverHake,2016,0.411128039,8.514428439,absolute,1
1085,SilverHake,2017,0.351893381,6.537601499,absolute,1
1086,SilverHake,2018,0.268897587,5.515721306,absolute,1
1087,SilverHake,2019,0.498087904,6.219354901,absolute,1
1088,SmFlatfishes,1985,0,0,absolute,1
1089,SmFlatfishes,1986,0,0,absolute,1
1090,SmFlatfishes,1988,0,0,absolute,1
1091,SmFlatfishes,1989,0,0,absolute,1
1092,SmFlatfishes,1996,0,0,absolute,1
1093,SmFlatfishes,1997,0,0,absolute,1
1094,SmFlatfishes,1998,0,0,absolute,1
1095,SmFlatfishes,2003,1.80E-05,0.001886141,absolute,1
1096,SmFlatfishes,2007,1.26E-06,0.000132346,absolute,1
1097,SmFlatfishes,2009,1.40E-06,0.000253562,absolute,1
1098,SmFlatfishes,2011,2.85E-06,0.000354827,absolute,1
1099,SmFlatfishes,2012,7.94E-06,0.001602988,absolute,1
1100,SmFlatfishes,2013,3.97E-06,0.000743214,absolute,1
1101,SmFlatfishes,2014,2.18E-05,0.003476288,absolute,1
1102,SmFlatfishes,2015,1.62E-05,0.002832714,absolute,1
1103,SmFlatfishes,2016,1.14E-05,0.003031278,absolute,1
1104,SmFlatfishes,2017,8.50E-06,0.002018317,absolute,1
1105,SmFlatfishes,2018,1.71E-05,0.004585088,absolute,1
1106,SmFlatfishes,2019,5.06E-06,0.001432785,absolute,1
1107,SmPelagics,1985,0.024264948,3.756435933,absolute,1
1108,SmPelagics,1986,0.078595482,11.59198063,absolute,1
1109,SmPelagics,1987,0.041524157,4.20717755,absolute,1
1110,SmPelagics,1988,0.016136747,0.915510831,absolute,1
1111,SmPelagics,1989,0.004065685,0.797032741,absolute,1
1112,SmPelagics,1990,0.008045917,0.751834177,absolute,1
1113,SmPelagics,1991,0.013570471,0.729726374,absolute,1
1114,SmPelagics,1992,0.013880896,1.240700366,absolute,1
1115,SmPelagics,1993,0.014136612,1.869390435,absolute,1
1116,SmPelagics,1994,0.010834849,1.328876472,absolute,1
1117,SmPelagics,1995,0.032637061,2.516142441,absolute,1
1118,SmPelagics,1996,0.013173897,2.367341701,absolute,1
1119,SmPelagics,1997,0.038578611,2.479882531,absolute,1
1120,SmPelagics,1998,0.008312177,1.699029764,absolute,1
1121,SmPelagics,1999,0.020333585,1.116707642,absolute,1
1122,SmPelagics,2000,0.013591905,1.414593519,absolute,1
1123,SmPelagics,2001,0.007240974,0.711692544,absolute,1
1124,SmPelagics,2002,0.004575611,2.154105806,absolute,1
1125,SmPelagics,2003,0.008355196,1.157446037,absolute,1
1126,SmPelagics,2004,0.003880483,0.919558622,absolute,1
1127,SmPelagics,2005,0.001543589,0.327393785,absolute,1
1128,SmPelagics,2006,0.007357073,0.946276106,absolute,1
1129,SmPelagics,2007,0.020802969,2.096000388,absolute,1
1130,SmPelagics,2008,0.056490364,4.753073149,absolute,1
1131,SmPelagics,2009,0.010149672,2.004605163,absolute,1
1132,SmPelagics,2010,0.076633237,7.288161609,absolute,1
1133,SmPelagics,2011,0.010774477,2.947970327,absolute,1
1134,SmPelagics,2012,0.028090876,3.593155275,absolute,1
1135,SmPelagics,2013,0.008532935,2.091486935,absolute,1
1136,SmPelagics,2014,0.030705175,9.371484058,absolute,1
1137,SmPelagics,2015,0.0334979,5.314908451,absolute,1
1138,SmPelagics,2016,0.025813598,4.081171762,absolute,1
1139,SmPelagics,2017,0.022600224,0.938845141,absolute,1
1140,SmPelagics,2018,0.004080149,0.538146986,absolute,1
1141,SmPelagics,2019,0.006047074,1.249268787,absolute,1
1142,SmoothDogfish,1988,0.001935465,0.001935465,absolute,1
1143,SmoothDogfish,1996,0,0.000635414,absolute,1
1144,SmoothDogfish,1997,0,0.004563431,absolute,1
1145,SmoothDogfish,2001,0,0.000445521,absolute,1
1146,SmoothDogfish,2002,0,0.002331852,absolute,1
1147,SmoothDogfish,2004,0,0.007098447,absolute,1
1148,SmoothDogfish,2006,0,0.001686736,absolute,1
1149,SmoothDogfish,2008,0.001623902,0.001623902,absolute,1
1150,SmoothDogfish,2015,0.000145032,0.000145032,absolute,1
1151,SmoothDogfish,2016,0.000629975,0.000677317,absolute,1
1152,SmoothDogfish,2017,0,0.001770013,absolute,1
1153,SmoothDogfish,2018,0.002436158,0.002436158,absolute,1
1154,SmoothDogfish,2019,0.002667508,0.003656101,absolute,1
1155,SpinyDogfish,1985,1.477554262,1.348838856,absolute,1
1156,SpinyDogfish,1986,1.427258588,1.826505419,absolute,1
1157,SpinyDogfish,1987,0.570155746,1.33354411,absolute,1
1158,SpinyDogfish,1988,1.111962729,1.914416128,absolute,1
1159,SpinyDogfish,1989,0.557038865,0.959914831,absolute,1
1160,SpinyDogfish,1990,0.310398332,0.963123515,absolute,1
1161,SpinyDogfish,1991,1.787738266,2.331199337,absolute,1
1162,SpinyDogfish,1992,0.092419739,0.633322714,absolute,1
1163,SpinyDogfish,1993,0.775408889,1.183925274,absolute,1
1164,SpinyDogfish,1994,2.484883809,2.464382171,absolute,1
1165,SpinyDogfish,1995,1.328262055,2.649622489,absolute,1
1166,SpinyDogfish,1996,0.151012459,0.750264007,absolute,1
1167,SpinyDogfish,1997,3.407392862,2.857647831,absolute,1
1168,SpinyDogfish,1998,0.363614877,0.973886988,absolute,1
1169,SpinyDogfish,1999,0.579017546,2.110919488,absolute,1
1170,SpinyDogfish,2000,3.185677632,4.46794542,absolute,1
1171,SpinyDogfish,2001,1.104715175,2.550451982,absolute,1
1172,SpinyDogfish,2002,5.381254061,5.790428764,absolute,1
1173,SpinyDogfish,2003,0.999656574,1.937207082,absolute,1
1174,SpinyDogfish,2004,1.280256841,3.891484873,absolute,1
1175,SpinyDogfish,2005,4.35428592,4.578974967,absolute,1
1176,SpinyDogfish,2006,2.684808758,7.020418826,absolute,1
1177,SpinyDogfish,2007,6.560484337,7.909228776,absolute,1
1178,SpinyDogfish,2008,1.352193006,2.816070024,absolute,1
1179,SpinyDogfish,2009,4.560938714,4.538733786,absolute,1
1180,SpinyDogfish,2010,2.411490139,2.111250874,absolute,1
1181,SpinyDogfish,2011,2.021846089,3.460893463,absolute,1
1182,SpinyDogfish,2012,1.152068563,1.722503779,absolute,1
1183,SpinyDogfish,2013,1.899406226,2.84048949,absolute,1
1184,SpinyDogfish,2014,0.801186221,1.47434497,absolute,1
1185,SpinyDogfish,2015,0.582010738,0.822046695,absolute,1
1186,SpinyDogfish,2016,9.99621747,12.14978582,absolute,1
1187,SpinyDogfish,2017,10.08254393,9.685619415,absolute,1
1188,SpinyDogfish,2018,0.41924661,0.795606435,absolute,1
1189,SpinyDogfish,2019,2.135559592,2.589986551,absolute,1
1190,SummerFlounder,1985,0.000374601,0.009838206,absolute,1
1191,SummerFlounder,1986,0.000299681,0.001198724,absolute,1
1192,SummerFlounder,1988,0.000519271,0.010416885,absolute,1
1193,SummerFlounder,1991,0,0.004621196,absolute,1
1194,SummerFlounder,1992,0,0.018415235,absolute,1
1195,SummerFlounder,1993,0.000827132,0.007604615,absolute,1
1196,SummerFlounder,1994,7.49E-05,0.006848255,absolute,1
1197,SummerFlounder,1996,0,0.006931794,absolute,1
1198,SummerFlounder,1997,0.000299681,0.011232803,absolute,1
1199,SummerFlounder,1999,0.001015729,0.005274922,absolute,1
1200,SummerFlounder,2000,0,0.018402109,absolute,1
1201,SummerFlounder,2001,0.000307173,0.00632036,absolute,1
1202,SummerFlounder,2002,0.000297401,0.028273534,absolute,1
1203,SummerFlounder,2003,0.000722259,0.002889035,absolute,1
1204,SummerFlounder,2004,9.74E-05,0.007000828,absolute,1
1205,SummerFlounder,2006,0.000915805,0.018850437,absolute,1
1206,SummerFlounder,2007,0,0.008549212,absolute,1
1207,SummerFlounder,2008,0.001378533,0.010700398,absolute,1
1208,SummerFlounder,2009,0.000327047,0.001893916,absolute,1
1209,SummerFlounder,2010,5.15E-05,0.000205983,absolute,1
1210,SummerFlounder,2011,9.70E-05,0.00148905,absolute,1
1211,SummerFlounder,2012,0.000777863,0.007852699,absolute,1
1212,SummerFlounder,2013,0.000234508,0.001593677,absolute,1
1213,SummerFlounder,2014,0.000303567,0.002238393,absolute,1
1214,SummerFlounder,2015,0.000408563,0.002752904,absolute,1
1215,SummerFlounder,2016,0.000834834,0.007224091,absolute,1
1216,SummerFlounder,2017,4.55E-05,0.000181964,absolute,1
1217,SummerFlounder,2018,0.000241598,0.00357993,absolute,1
1218,SummerFlounder,2019,0.000309662,0.003099065,absolute,1
1219,WhiteHake,1985,0.342682659,1.280085684,absolute,1
1220,WhiteHake,1986,0.20593839,1.537265536,absolute,1
1221,WhiteHake,1987,0.296346197,1.321181857,absolute,1
1222,WhiteHake,1988,0.310593229,1.345448254,absolute,1
1223,WhiteHake,1989,0.18479235,1.138142966,absolute,1
1224,WhiteHake,1990,0.381721372,1.403096325,absolute,1
1225,WhiteHake,1991,0.422524782,1.691478122,absolute,1
1226,WhiteHake,1992,0.223235747,1.563913309,absolute,1
1227,WhiteHake,1993,0.278108358,1.602309921,absolute,1
1228,WhiteHake,1994,0.109898842,0.794814641,absolute,1
1229,WhiteHake,1995,0.180209499,1.133408314,absolute,1
1230,WhiteHake,1996,0.162647673,0.872419949,absolute,1
1231,WhiteHake,1997,0.129901552,0.651729811,absolute,1
1232,WhiteHake,1998,0.09666679,0.597017601,absolute,1
1233,WhiteHake,1999,0.099026872,0.497024358,absolute,1
1234,WhiteHake,2000,0.144471529,0.905209134,absolute,1
1235,WhiteHake,2001,0.146629804,1.028958723,absolute,1
1236,WhiteHake,2002,0.196227741,0.886496806,absolute,1
1237,WhiteHake,2003,0.137725093,0.598324659,absolute,1
1238,WhiteHake,2004,0.103902908,0.491533602,absolute,1
1239,WhiteHake,2005,0.110813489,0.523384313,absolute,1
1240,WhiteHake,2006,0.085666816,0.571773057,absolute,1
1241,WhiteHake,2007,0.196844083,0.981370463,absolute,1
1242,WhiteHake,2008,0.210299563,0.939433424,absolute,1
1243,WhiteHake,2009,0.092421445,0.571788226,absolute,1
1244,WhiteHake,2010,0.195639752,1.016718822,absolute,1
1245,WhiteHake,2011,0.225577425,1.20405374,absolute,1
1246,WhiteHake,2012,0.110854529,1.026118245,absolute,1
1247,WhiteHake,2013,0.078776284,0.368172744,absolute,1
1248,WhiteHake,2014,0.087718205,0.545408341,absolute,1
1249,WhiteHake,2015,0.095793891,0.505346691,absolute,1
1250,WhiteHake,2016,0.11442299,0.636190776,absolute,1
1251,WhiteHake,2017,0.178232489,0.723813247,absolute,1
1252,WhiteHake,2018,0.045788715,0.585957491,absolute,1
1253,WhiteHake,2019,0.05317116,0.422455404,absolute,1
1254,Windowpane,1985,0.063348653,0.006334865,absolute,1
1255,Windowpane,1986,0.067494003,0.0067494,absolute,1
1256,Windowpane,1987,0.030198036,0.003019804,absolute,1
1257,Windowpane,1988,0.04020236,0.004020236,absolute,1
1258,Windowpane,1989,0.02355785,0.002355785,absolute,1
1259,Windowpane,1990,0.050094448,0.005009445,absolute,1
1260,Windowpane,1991,0.010794954,0.001079495,absolute,1
1261,Windowpane,1992,0.013430285,0.001343029,absolute,1
1262,Windowpane,1993,0.022726457,0.002272646,absolute,1
1263,Windowpane,1994,0.016634099,0.00166341,absolute,1
1264,Windowpane,1995,0.035953927,0.003595393,absolute,1
1265,Windowpane,1996,0.030669418,0.003066942,absolute,1
1266,Windowpane,1997,0.011544351,0.001154435,absolute,1
1267,Windowpane,1998,5.94E-02,0.00594,absolute,1
1268,Windowpane,1999,0.046948419,0.004694842,absolute,1
1269,Windowpane,2000,0.015006623,0.001500662,absolute,1
1270,Windowpane,2001,0.011616894,0.001161689,absolute,1
1271,Windowpane,2002,0.004666529,0.000466653,absolute,1
1272,Windowpane,2003,0.003926812,0.000392681,absolute,1
1273,Windowpane,2004,0.005335821,0.000533582,absolute,1
1274,Windowpane,2005,0.001214315,0.000121432,absolute,1
1275,Windowpane,2006,0.002065058,0.000206506,absolute,1
1276,Windowpane,2007,1.10E-03,0.00011,absolute,1
1277,Windowpane,2008,0.004705597,0.00047056,absolute,1
1278,Windowpane,2009,0.003714921,0.000371492,absolute,1
1279,Windowpane,2010,6.87E-05,6.86575E-06,absolute,1
1280,Windowpane,2011,7.91E-06,7.91373E-07,absolute,1
1281,Windowpane,2012,6.20E-05,6.19507E-06,absolute,1
1282,Windowpane,2013,2.65E-07,2.65273E-08,absolute,1
1283,Windowpane,2014,0.000874513,8.74513E-05,absolute,1
1284,Windowpane,2015,0.000159496,1.59496E-05,absolute,1
1285,Windowpane,2016,1.11E-05,1.11495E-06,absolute,1
1286,Windowpane,2017,4.09E-06,4.08707E-07,absolute,1
1287,Windowpane,2018,0.001402616,0.000140262,absolute,1
1288,Windowpane,2019,5.71E-05,5.70636E-06,absolute,1
1289,WinterFlounder,1985,0.007927709,0.234776158,absolute,1
1290,WinterFlounder,1986,0.005449152,0.074634744,absolute,1
1291,WinterFlounder,1987,0.004040186,0.054652774,absolute,1
1292,WinterFlounder,1988,0.003406764,0.077660167,absolute,1
1293,WinterFlounder,1989,0.021372666,0.14167815,absolute,1
1294,WinterFlounder,1990,0.00874382,0.089650858,absolute,1
1295,WinterFlounder,1991,0.018617274,0.119592137,absolute,1
1296,WinterFlounder,1992,0.010530793,0.285275611,absolute,1
1297,WinterFlounder,1993,0.008667713,0.152755622,absolute,1
1298,WinterFlounder,1994,0.003815694,0.129879908,absolute,1
1299,WinterFlounder,1995,0.002958718,0.112879788,absolute,1
1300,WinterFlounder,1996,0.016305095,0.30679359,absolute,1
1301,WinterFlounder,1997,0.022573125,0.226711538,absolute,1
1302,WinterFlounder,1998,0.011452507,0.09211078,absolute,1
1303,WinterFlounder,1999,0.015339435,0.266793479,absolute,1
1304,WinterFlounder,2000,0.037707065,0.422241726,absolute,1
1305,WinterFlounder,2001,0.015066021,0.252588973,absolute,1
1306,WinterFlounder,2002,0.046829832,0.302963613,absolute,1
1307,WinterFlounder,2003,0.02268743,0.35443857,absolute,1
1308,WinterFlounder,2004,0.002987883,0.07099546,absolute,1
1309,WinterFlounder,2005,0.013183781,0.195155741,absolute,1
1310,WinterFlounder,2006,0.015047615,0.212661277,absolute,1
1311,WinterFlounder,2007,0.013469557,0.148675652,absolute,1
1312,WinterFlounder,2008,0.065654613,0.364778587,absolute,1
1313,WinterFlounder,2009,0.032820864,0.275543476,absolute,1
1314,WinterFlounder,2010,0.029584066,0.219535633,absolute,1
1315,WinterFlounder,2011,0.018257316,0.203715336,absolute,1
1316,WinterFlounder,2012,0.007672537,0.141046964,absolute,1
1317,WinterFlounder,2013,0.015893239,0.116974042,absolute,1
1318,WinterFlounder,2014,0.021465259,0.198100534,absolute,1
1319,WinterFlounder,2015,0.015377151,0.153207535,absolute,1
1320,WinterFlounder,2016,0.007651725,0.157386508,absolute,1
1321,WinterFlounder,2017,0.011084514,0.097832561,absolute,1
1322,WinterFlounder,2018,0.011617872,0.155955509,absolute,1
1323,WinterFlounder,2019,0.014541057,0.155875459,absolute,1
1324,WinterSkate,1985,0.056855717,0.35215966,absolute,1
1325,WinterSkate,1986,0.247194373,0.354767513,absolute,1
1326,WinterSkate,1987,0.006059964,0.032528981,absolute,1
1327,WinterSkate,1988,0.022707333,0.048974607,absolute,1
1328,WinterSkate,1989,0.134626874,0.153015076,absolute,1
1329,WinterSkate,1990,0.018893551,0.035140029,absolute,1
1330,WinterSkate,1991,0.030506267,0.07282266,absolute,1
1331,WinterSkate,1992,0.05559061,0.094635727,absolute,1
1332,WinterSkate,1993,0.037412013,0.07544374,absolute,1
1333,WinterSkate,1994,0.009484162,0.020131586,absolute,1
1334,WinterSkate,1995,0.010970423,0.019790392,absolute,1
1335,WinterSkate,1996,0.01160848,0.038567558,absolute,1
1336,WinterSkate,1997,0.03209412,0.039256749,absolute,1
1337,WinterSkate,1998,0.014715268,0.030418288,absolute,1
1338,WinterSkate,1999,0.013127307,0.022766486,absolute,1
1339,WinterSkate,2000,0.011015012,0.014276883,absolute,1
1340,WinterSkate,2001,0.017168348,0.023056757,absolute,1
1341,WinterSkate,2002,0.012926141,0.05616185,absolute,1
1342,WinterSkate,2003,0.011430395,0.017903781,absolute,1
1343,WinterSkate,2004,0.025717021,0.042801109,absolute,1
1344,WinterSkate,2005,0.004938102,0.009597297,absolute,1
1345,WinterSkate,2006,0.004759569,0.019537133,absolute,1
1346,WinterSkate,2007,0.022919837,0.026036862,absolute,1
1347,WinterSkate,2008,0.062020924,0.107000958,absolute,1
1348,WinterSkate,2009,0.506164664,0.550685188,absolute,1
1349,WinterSkate,2010,0.058412654,0.13607905,absolute,1
1350,WinterSkate,2011,0.037745354,0.099031042,absolute,1
1351,WinterSkate,2012,0.047656855,0.127384767,absolute,1
1352,WinterSkate,2013,0.038798299,0.058478218,absolute,1
1353,WinterSkate,2014,0.02212806,0.051215848,absolute,1
1354,WinterSkate,2015,0.045452968,0.055243685,absolute,1
1355,WinterSkate,2016,0.015456467,0.047090352,absolute,1
1356,WinterSkate,2017,0.082244895,0.150456095,absolute,1
1357,WinterSkate,2018,0.11870092,0.185621381,absolute,1
1358,WinterSkate,2019,0.046107961,0.086355288,absolute,1
1359,WitchFlounder,1985,0.034747155,0.745150798,absolute,1
1360,WitchFlounder,1986,0.015021583,0.512997368,absolute,1
1361,WitchFlounder,1987,0.009436568,0.172789069,absolute,1
1362,WitchFlounder,1988,0.010141949,0.246041161,absolute,1
1363,WitchFlounder,1989,0.009275238,0.173540944,absolute,1
1364,WitchFlounder,1990,0.006715546,0.17974218,absolute,1
1365,WitchFlounder,1991,0.013592747,0.250789668,absolute,1
1366,WitchFlounder,1992,0.008415273,0.108522382,absolute,1
1367,WitchFlounder,1993,0.011592108,0.261899518,absolute,1
1368,WitchFlounder,1994,0.01057612,0.198882881,absolute,1
1369,WitchFlounder,1995,0.011890994,0.289359894,absolute,1
1370,WitchFlounder,1996,0.019975377,0.474823875,absolute,1
1371,WitchFlounder,1997,0.015699093,0.349624643,absolute,1
1372,WitchFlounder,1998,0.010145909,0.215660109,absolute,1
1373,WitchFlounder,1999,0.017268024,0.402872029,absolute,1
1374,WitchFlounder,2000,0.017776791,0.505902747,absolute,1
1375,WitchFlounder,2001,0.026072099,0.780909611,absolute,1
1376,WitchFlounder,2002,0.019633714,0.482137288,absolute,1
1377,WitchFlounder,2003,0.013453221,0.344245183,absolute,1
1378,WitchFlounder,2004,0.029643369,0.447165168,absolute,1
1379,WitchFlounder,2005,0.005880152,0.18321197,absolute,1
1380,WitchFlounder,2006,0.008945846,0.215869014,absolute,1
1381,WitchFlounder,2007,0.012239632,0.266536714,absolute,1
1382,WitchFlounder,2008,0.011692621,0.303024045,absolute,1
1383,WitchFlounder,2009,0.00774677,0.221620825,absolute,1
1384,WitchFlounder,2010,0.005277823,0.150309008,absolute,1
1385,WitchFlounder,2011,0.011358587,0.310668227,absolute,1
1386,WitchFlounder,2012,0.007697474,0.207374001,absolute,1
1387,WitchFlounder,2013,0.006537583,0.159695787,absolute,1
1388,WitchFlounder,2014,0.006734886,0.23769051,absolute,1
1389,WitchFlounder,2015,0.007573229,0.24298608,absolute,1
1390,WitchFlounder,2016,0.010657682,0.277423794,absolute,1
1391,WitchFlounder,2017,0.016532495,0.59018752,absolute,1
1392,WitchFlounder,2018,0.008343695,0.374636973,absolute,1
1393,WitchFlounder,2019,0.013664747,0.411600068,absolute,1
1394,YTFlounder,1985,0.005927139,0.020843699,absolute,1
1395,YTFlounder,1986,0.006289717,0.011047337,absolute,1
1396,YTFlounder,1987,0.001022638,0.00889837,absolute,1
1397,YTFlounder,1988,0.002549074,0.016888694,absolute,1
1398,YTFlounder,1989,0.010823426,0.026794867,absolute,1
1399,YTFlounder,1990,0.010190104,0.029333876,absolute,1
1400,YTFlounder,1991,0.001342961,0.017385558,absolute,1
1401,YTFlounder,1992,0.007856359,0.024274711,absolute,1
1402,YTFlounder,1993,0.009203609,0.01817334,absolute,1
1403,YTFlounder,1994,0.009798267,0.045316022,absolute,1
1404,YTFlounder,1995,0.004005849,0.015786218,absolute,1
1405,YTFlounder,1996,0.010705055,0.044970445,absolute,1
1406,YTFlounder,1997,0.016057502,0.036475351,absolute,1
1407,YTFlounder,1998,0.007099704,0.021758757,absolute,1
1408,YTFlounder,1999,0.029791892,0.116946847,absolute,1
1409,YTFlounder,2000,0.019615276,0.053100698,absolute,1
1410,YTFlounder,2001,0.009963156,0.032878779,absolute,1
1411,YTFlounder,2002,0.003561543,0.011394114,absolute,1
1412,YTFlounder,2003,0.016343842,0.049090393,absolute,1
1413,YTFlounder,2004,0.002345746,0.007024536,absolute,1
1414,YTFlounder,2005,0.001851517,0.010780879,absolute,1
1415,YTFlounder,2006,0.001881761,0.012101162,absolute,1
1416,YTFlounder,2007,0.009607227,0.053999406,absolute,1
1417,YTFlounder,2008,0.031462313,0.087130963,absolute,1
1418,YTFlounder,2009,0.034654193,0.100048312,absolute,1
1419,YTFlounder,2010,0.037618447,0.061546829,absolute,1
1420,YTFlounder,2011,0.01789543,0.049562232,absolute,1
1421,YTFlounder,2012,0.032760644,0.058719623,absolute,1
1422,YTFlounder,2013,0.058106289,0.078983344,absolute,1
1423,YTFlounder,2014,0.018960278,0.042828194,absolute,1
1424,YTFlounder,2015,0.008906721,0.032192952,absolute,1
1425,YTFlounder,2016,0.011458011,0.045577323,absolute,1
1426,YTFlounder,2017,0.006858733,0.028528003,absolute,1
1427,YTFlounder,2018,0.00871679,0.039301406,absolute,1
1428,YTFlounder,2019,0.01993639,0.05516778,absolute,1