"","Group","Year","Value","Stdev","Scale"
"1","AmLobster",1980,0.128588007100055,0.0128588007100055,1
"2","AmLobster",1981,0.131666873681738,0.0131666873681738,1
"3","AmLobster",1982,0.132312112966343,0.0132312112966343,1
"4","AmLobster",1983,0.128022008699127,0.0128022008699127,1
"5","AmLobster",1984,0.114267847727574,0.0114267847727574,1
"6","AmLobster",1985,0.117655614885426,0.0117655614885426,1
"7","AmLobster",1986,0.114822781178088,0.0114822781178088,1
"8","AmLobster",1987,0.115064490755742,0.0115064490755742,1
"9","AmLobster",1988,0.127021896428643,0.0127021896428643,1
"10","AmLobster",1989,0.21427159146709,0.021427159146709,1
"11","AmLobster",1990,0.240778088017418,0.0240778088017418,1
"12","AmLobster",1991,0.262998912370809,0.0262998912370809,1
"13","AmLobster",1992,0.235021075934768,0.0235021075934768,1
"14","AmLobster",1993,0.242997356063063,0.0242997356063063,1
"15","AmLobster",1994,0.233277440361664,0.0233277440361664,1
"16","AmLobster",1995,0.158680499523154,0.0158680499523154,1
"17","AmLobster",1996,0.179455078098957,0.0179455078098957,1
"18","AmLobster",1997,0.248321042330395,0.0248321042330395,1
"19","AmLobster",1998,0.253465116477706,0.0253465116477706,1
"20","AmLobster",1999,0.30240115638641,0.030240115638641,1
"21","AmLobster",2000,0.269964510698658,0.0269964510698658,1
"22","AmLobster",2001,0.0594364930567361,0.00594364930567361,1
"23","AmLobster",2002,0.0665437586760076,0.00665437586760076,1
"24","AmLobster",2003,0.0548399424924504,0.00548399424924504,1
"25","AmLobster",2004,0.0472662982481638,0.00472662982481638,1
"26","AmLobster",2005,0.0312524089565495,0.00312524089565495,1
"27","AmLobster",2006,0.0472018433050289,0.00472018433050289,1
"28","AmLobster",2007,0.0371544385200096,0.00371544385200096,1
"29","AmLobster",2008,0.0686128253387624,0.00686128253387624,1
"30","AmLobster",2009,0.119096539561103,0.0119096539561103,1
"31","AmLobster",2010,0.318045913755429,0.0318045913755429,1
"32","AmLobster",2011,0.370216367298917,0.0370216367298917,1
"33","AmLobster",2012,0.459383345541922,0.0459383345541922,1
"34","AmLobster",2013,0.473632417194922,0.0473632417194922,1
"35","AmLobster",2014,0.501511785115627,0.0501511785115627,1
"36","AmLobster",2015,0.502028690376283,0.0502028690376283,1
"37","AmLobster",2016,0.542756236303282,0.0542756236303282,1
"38","AmLobster",2017,0.471627640731492,0.0471627640731492,1
"39","AmLobster",2018,0.520410957152699,0.0520410957152699,1
"40","AmLobster",2019,0.465182691320202,0.0465182691320202,1
"41","AmPlaice",1980,0.150336773755616,0.0150336773755616,1
"42","AmPlaice",1981,0.149788777634768,0.0149788777634768,1
"43","AmPlaice",1982,0.171273807390945,0.0171273807390945,1
"44","AmPlaice",1983,0.144983816387132,0.0144983816387132,1
"45","AmPlaice",1984,0.110646506646584,0.0110646506646584,1
"46","AmPlaice",1985,0.0781418227524644,0.00781418227524644,1
"47","AmPlaice",1986,0.0512422054497148,0.00512422054497148,1
"48","AmPlaice",1987,0.0429244151447598,0.00429244151447598,1
"49","AmPlaice",1988,0.0363500030193248,0.00363500030193248,1
"50","AmPlaice",1989,0.0264542541966216,0.00264542541966216,1
"51","AmPlaice",1990,0.0279108446237153,0.00279108446237153,1
"52","AmPlaice",1991,0.0469213420359741,0.00469213420359741,1
"53","AmPlaice",1992,0.0712167697858312,0.00712167697858312,1
"54","AmPlaice",1993,0.060484775858785,0.0060484775858785,1
"55","AmPlaice",1994,0.0564750430729403,0.00564750430729403,1
"56","AmPlaice",1995,0.051854834113778,0.0051854834113778,1
"57","AmPlaice",1996,0.0497039098046829,0.00497039098046829,1
"58","AmPlaice",1997,0.041893603864562,0.0041893603864562,1
"59","AmPlaice",1998,0.0399952319702424,0.00399952319702424,1
"60","AmPlaice",1999,0.0326019777340304,0.00326019777340304,1
"61","AmPlaice",2000,0.0457379421397847,0.00457379421397847,1
"62","AmPlaice",2001,0.0475405538788749,0.00475405538788749,1
"63","AmPlaice",2002,0.0361195686432533,0.00361195686432533,1
"64","AmPlaice",2003,0.0254593096517091,0.00254593096517091,1
"65","AmPlaice",2004,0.0170206172680494,0.00170206172680494,1
"66","AmPlaice",2005,0.0129146627096994,0.00129146627096994,1
"67","AmPlaice",2006,0.0109997749209288,0.00109997749209288,1
"68","AmPlaice",2007,0.0101767952080241,0.00101767952080241,1
"69","AmPlaice",2008,0.0117091176339134,0.00117091176339134,1
"70","AmPlaice",2009,0.0142019906073735,0.00142019906073735,1
"71","AmPlaice",2010,0.0153802605704161,0.00153802605704161,1
"72","AmPlaice",2011,0.0146014365938332,0.00146014365938332,1
"73","AmPlaice",2012,0.0155435644396701,0.00155435644396701,1
"74","AmPlaice",2013,0.0146784191786615,0.00146784191786615,1
"75","AmPlaice",2014,0.0138252751137509,0.00138252751137509,1
"76","AmPlaice",2015,0.0139976379030827,0.00139976379030827,1
"77","AmPlaice",2016,0.0115607093377854,0.00115607093377854,1
"78","AmPlaice",2017,0.0131300313196748,0.00131300313196748,1
"79","AmPlaice",2018,0.0130211643481959,0.00130211643481959,1
"80","AmPlaice",2019,0.0115800184158671,0.00115800184158671,1
"81","AtlHalibut",1980,0.000854240654069884,8.54240654069884e-05,1
"82","AtlHalibut",1981,0.000777378002629212,7.77378002629212e-05,1
"83","AtlHalibut",1982,0.000925761558457999,9.25761558457999e-05,1
"84","AtlHalibut",1983,0.000764986082730241,7.64986082730241e-05,1
"85","AtlHalibut",1984,0.000847500306744831,8.47500306744831e-05,1
"86","AtlHalibut",1985,0.000725007847954446,7.25007847954446e-05,1
"87","AtlHalibut",1986,0.000414990729088918,4.14990729088918e-05,1
"88","AtlHalibut",1987,0.000324722602049773,3.24722602049773e-05,1
"89","AtlHalibut",1988,0.000421410049513842,4.21410049513842e-05,1
"90","AtlHalibut",1989,0.000144398665958802,1.44398665958802e-05,1
"91","AtlHalibut",1990,0.000172320764542339,1.72320764542339e-05,1
"92","AtlHalibut",1991,0.000326422316229662,3.26422316229662e-05,1
"93","AtlHalibut",1992,0.000249202725868091,2.49202725868091e-05,1
"94","AtlHalibut",1993,0.000216108768517124,2.16108768517124e-05,1
"95","AtlHalibut",1994,0.000185352416370126,1.85352416370126e-05,1
"96","AtlHalibut",1995,9.00487858053749e-05,9.00487858053749e-06,1
"97","AtlHalibut",1996,0.000129084304714303,1.29084304714303e-05,1
"98","AtlHalibut",1997,0.000156014247955676,1.56014247955676e-05,1
"99","AtlHalibut",1998,8.32752992063347e-05,8.32752992063347e-06,1
"100","AtlHalibut",1999,0.000110967412198363,1.10967412198363e-05,1
"101","AtlHalibut",2000,0.000114654222399623,1.14654222399623e-05,1
"102","AtlHalibut",2001,0.000101369044232449,1.01369044232449e-05,1
"103","AtlHalibut",2002,9.42039402015759e-05,9.42039402015759e-06,1
"104","AtlHalibut",2003,0.000114957970714681,1.14957970714681e-05,1
"105","AtlHalibut",2004,7.75468754176533e-05,7.75468754176533e-06,1
"106","AtlHalibut",2005,0.000100777662366658,1.00777662366658e-05,1
"107","AtlHalibut",2006,0.000137598403886507,1.37598403886507e-05,1
"108","AtlHalibut",2007,0.000218408820804084,2.18408820804084e-05,1
"109","AtlHalibut",2008,0.000257311013874137,2.57311013874137e-05,1
"110","AtlHalibut",2009,0.000435764234319044,4.35764234319044e-05,1
"111","AtlHalibut",2010,0.00019270261727638,1.9270261727638e-05,1
"112","AtlHalibut",2011,0.000205396699839226,2.05396699839226e-05,1
"113","AtlHalibut",2012,0.000290933627959086,2.90933627959086e-05,1
"114","AtlHalibut",2013,0.000312926667762643,3.12926667762643e-05,1
"115","AtlHalibut",2014,0.000401264527688742,4.01264527688742e-05,1
"116","AtlHalibut",2015,0.000453943354476072,4.53943354476073e-05,1
"117","AtlHalibut",2016,0.000595110146007011,5.95110146007011e-05,1
"118","AtlHalibut",2017,0.000598783782577985,5.98783782577985e-05,1
"119","AtlHalibut",2018,0.000408222827570251,4.08222827570251e-05,1
"120","AtlHalibut",2019,0.000503006560773567,5.03006560773567e-05,1
"121","AtlHerring",1980,1.19333648079187,0.119333648079187,1
"122","AtlHerring",1981,0.939116108197396,0.0939116108197396,1
"123","AtlHerring",1982,0.491916226410642,0.0491916226410642,1
"124","AtlHerring",1983,0.419754425485987,0.0419754425485987,1
"125","AtlHerring",1984,0.592288513267664,0.0592288513267664,1
"126","AtlHerring",1985,0.412266446533856,0.0412266446533856,1
"127","AtlHerring",1986,0.507132687553628,0.0507132687553628,1
"128","AtlHerring",1987,0.632396448823612,0.0632396448823612,1
"129","AtlHerring",1988,0.663539902013004,0.0663539902013004,1
"130","AtlHerring",1989,0.704118334072653,0.0704118334072653,1
"131","AtlHerring",1990,0.696726132236249,0.0696726132236249,1
"132","AtlHerring",1991,0.874224542384503,0.0874224542384503,1
"133","AtlHerring",1992,1.04824224402231,0.104824224402231,1
"134","AtlHerring",1993,0.899437606511877,0.0899437606511878,1
"135","AtlHerring",1994,0.779023918594739,0.0779023918594739,1
"136","AtlHerring",1995,1.06538972998973,0.106538972998973,1
"137","AtlHerring",1996,1.06935318431522,0.106935318431522,1
"138","AtlHerring",1997,1.19233100124163,0.119233100124163,1
"139","AtlHerring",1998,0.83891202473434,0.083891202473434,1
"140","AtlHerring",1999,1.02286231656296,0.102286231656296,1
"141","AtlHerring",2000,0.924273139468415,0.0924273139468415,1
"142","AtlHerring",2001,0.972375560486323,0.0972375560486323,1
"143","AtlHerring",2002,0.903019363538978,0.0903019363538978,1
"144","AtlHerring",2003,0.908990844324408,0.0908990844324409,1
"145","AtlHerring",2004,0.902934265597142,0.0902934265597142,1
"146","AtlHerring",2005,0.873837368371215,0.0873837368371215,1
"147","AtlHerring",2006,0.934635882942202,0.0934635882942202,1
"148","AtlHerring",2007,0.687024766332695,0.0687024766332695,1
"149","AtlHerring",2008,0.673158449145167,0.0673158449145167,1
"150","AtlHerring",2009,0.752041944744883,0.0752041944744883,1
"151","AtlHerring",2010,0.477274428430225,0.0477274428430225,1
"152","AtlHerring",2011,0.595603574412067,0.0595603574412067,1
"153","AtlHerring",2012,0.559011110902812,0.0559011110902812,1
"154","AtlHerring",2013,0.585049412364055,0.0585049412364055,1
"155","AtlHerring",2014,0.666494309388685,0.0666494309388685,1
"156","AtlHerring",2015,0.57313859082515,0.057313859082515,1
"157","AtlHerring",2016,0.473128879996406,0.0473128879996406,1
"158","AtlHerring",2017,0.459617963710202,0.0459617963710202,1
"159","AtlHerring",2018,0.388930039857545,0.0388930039857545,1
"160","AtlHerring",2019,0.0819683215132986,0.00819683215132986,1
"161","AtlMackerel",1980,0.0160931063477399,0.00160931063477399,1
"162","AtlMackerel",1981,0.00628684992352854,0.000628684992352854,1
"163","AtlMackerel",1982,0.00583846651195003,0.000583846651195003,1
"164","AtlMackerel",1983,0.00780018579690706,0.000780018579690706,1
"165","AtlMackerel",1984,0.00793051798584947,0.000793051798584948,1
"166","AtlMackerel",1985,0.00604668212761767,0.000604668212761767,1
"167","AtlMackerel",1986,0.00439531140701812,0.000439531140701812,1
"168","AtlMackerel",1987,0.00318406217614002,0.000318406217614002,1
"169","AtlMackerel",1988,0.00475905217783799,0.000475905217783799,1
"170","AtlMackerel",1989,0.0026134794136022,0.00026134794136022,1
"171","AtlMackerel",1990,0.00816957241181218,0.000816957241181218,1
"172","AtlMackerel",1991,0.00201349737474447,0.000201349737474447,1
"173","AtlMackerel",1992,0.00207618929762869,0.000207618929762869,1
"174","AtlMackerel",1993,0.00199261197102698,0.000199261197102698,1
"175","AtlMackerel",1994,0.00265249119594915,0.000265249119594915,1
"176","AtlMackerel",1995,0.0030095052586508,0.00030095052586508,1
"177","AtlMackerel",1996,0.00285194937767451,0.000285194937767451,1
"178","AtlMackerel",1997,0.0026906597813664,0.00026906597813664,1
"179","AtlMackerel",1998,0.0126585542124999,0.00126585542124999,1
"180","AtlMackerel",1999,0.00177675393847086,0.000177675393847086,1
"181","AtlMackerel",2000,0.000738854785324361,7.38854785324361e-05,1
"182","AtlMackerel",2001,0.000581358961617161,5.81358961617161e-05,1
"183","AtlMackerel",2002,0.00220013537991415,0.000220013537991415,1
"184","AtlMackerel",2003,0.00115598776720491,0.000115598776720491,1
"185","AtlMackerel",2004,0.0206022973369845,0.00206022973369845,1
"186","AtlMackerel",2005,0.00608492268211622,0.000608492268211622,1
"187","AtlMackerel",2006,0.00954066048813321,0.000954066048813321,1
"188","AtlMackerel",2007,0.00470494752632289,0.000470494752632289,1
"189","AtlMackerel",2008,0.0141137790337875,0.00141137790337875,1
"190","AtlMackerel",2009,0.000668502966918175,6.68502966918175e-05,1
"191","AtlMackerel",2010,0.00150062348530276,0.000150062348530276,1
"192","AtlMackerel",2011,0.000986456297334134,9.86456297334134e-05,1
"193","AtlMackerel",2012,0.00137433286866086,0.000137433286866086,1
"194","AtlMackerel",2013,0.0187192831445933,0.00187192831445933,1
"195","AtlMackerel",2014,0.0443652195292042,0.00443652195292042,1
"196","AtlMackerel",2015,0.0324011155815525,0.00324011155815525,1
"197","AtlMackerel",2016,0.0525526838318527,0.00525526838318528,1
"198","AtlMackerel",2017,0.0452961241494095,0.00452961241494095,1
"199","AtlMackerel",2018,0.0117716937420795,0.00117716937420795,1
"200","AtlMackerel",2019,0.00572768553791101,0.000572768553791101,1
"201","AtlScallop",1980,0.0240275789806912,0.00240275789806912,1
"202","AtlScallop",1981,0.019112166273553,0.0019112166273553,1
"203","AtlScallop",1982,0.0120495539849845,0.00120495539849845,1
"204","AtlScallop",1983,0.0141868074119162,0.00141868074119162,1
"205","AtlScallop",1984,0.0100951807006905,0.00100951807006905,1
"206","AtlScallop",1985,0.00745400528948005,0.000745400528948005,1
"207","AtlScallop",1986,0.00742487213327338,0.000742487213327338,1
"208","AtlScallop",1987,0.0104449969109757,0.00104449969109757,1
"209","AtlScallop",1988,0.0116566195728638,0.00116566195728638,1
"210","AtlScallop",1989,0.0135753005213357,0.00135753005213357,1
"211","AtlScallop",1990,0.0125039089506794,0.00125039089506794,1
"212","AtlScallop",1991,0.0146894967389798,0.00146894967389798,1
"213","AtlScallop",1992,0.0153022871414609,0.00153022871414609,1
"214","AtlScallop",1993,0.0140054411467872,0.00140054411467872,1
"215","AtlScallop",1994,0.00628010728080637,0.000628010728080637,1
"216","AtlScallop",1995,0.00520624840449403,0.000520624840449403,1
"217","AtlScallop",1996,0.00904083011276285,0.000904083011276285,1
"218","AtlScallop",1997,0.0111910582664884,0.00111910582664884,1
"219","AtlScallop",1998,0.00710675794050636,0.000710675794050636,1
"220","AtlScallop",1999,0.0060370044112377,0.00060370044112377,1
"221","AtlScallop",2000,0.00759940425954068,0.000759940425954068,1
"222","AtlScallop",2001,0.00938376848350242,0.000938376848350242,1
"223","AtlScallop",2002,0.00835620318537853,0.000835620318537853,1
"224","AtlScallop",2003,0.00752630039952135,0.000752630039952135,1
"225","AtlScallop",2004,0.00378025081307051,0.000378025081307051,1
"226","AtlScallop",2005,0.00955605353733568,0.000955605353733568,1
"227","AtlScallop",2006,0.00847935708972098,0.000847935708972098,1
"228","AtlScallop",2007,0.0101373509634958,0.00101373509634958,1
"229","AtlScallop",2008,0.00346908035819368,0.000346908035819368,1
"230","AtlScallop",2009,0.00395668411524335,0.000395668411524335,1
"231","AtlScallop",2010,0.00564631877652717,0.000564631877652717,1
"232","AtlScallop",2011,0.0134433064362308,0.00134433064362308,1
"233","AtlScallop",2012,0.0159093850798524,0.00159093850798524,1
"234","AtlScallop",2013,0.0156632990222436,0.00156632990222436,1
"235","AtlScallop",2014,0.00712896535815024,0.000712896535815024,1
"236","AtlScallop",2015,0.00724407515237509,0.000724407515237509,1
"237","AtlScallop",2016,0.0103390740083478,0.00103390740083478,1
"238","AtlScallop",2017,0.0125583599696388,0.00125583599696388,1
"239","AtlScallop",2018,0.0118105792278187,0.00118105792278187,1
"240","AtlScallop",2019,0.0123118825130391,0.00123118825130391,1
"241","Barndoor",2005,9.04746493764492e-07,9.04746493764492e-08,1
"242","Barndoor",2013,8.09223170107999e-07,8.09223170107999e-08,1
"243","Barndoor",2014,1.91479581711249e-05,1.91479581711249e-06,1
"244","Barndoor",2015,3.18805632650184e-05,3.18805632650184e-06,1
"245","Barndoor",2018,5.28286613454636e-06,5.28286613454636e-07,1
"246","Barndoor",2019,0.000178175654111386,1.78175654111386e-05,1
"247","BlackSeaBass",1980,1.17930545521516e-05,1.17930545521516e-06,1
"248","BlackSeaBass",1981,2.28653226524837e-05,2.28653226524837e-06,1
"249","BlackSeaBass",1982,2.89868820605527e-05,2.89868820605527e-06,1
"250","BlackSeaBass",1983,5.90471375323475e-05,5.90471375323475e-06,1
"251","BlackSeaBass",1984,3.3870333127859e-05,3.3870333127859e-06,1
"252","BlackSeaBass",1985,7.39586083132128e-05,7.39586083132128e-06,1
"253","BlackSeaBass",1986,0.000101013474569705,1.01013474569705e-05,1
"254","BlackSeaBass",1987,3.40339977347942e-05,3.40339977347942e-06,1
"255","BlackSeaBass",1988,1.62937579993711e-05,1.62937579993711e-06,1
"256","BlackSeaBass",1989,2.27561484459524e-05,2.27561484459524e-06,1
"257","BlackSeaBass",1990,1.25330485616044e-05,1.25330485616044e-06,1
"258","BlackSeaBass",1991,5.52238658640595e-06,5.52238658640595e-07,1
"259","BlackSeaBass",1992,6.57397912097688e-07,6.57397912097688e-08,1
"260","BlackSeaBass",1993,1.12090886320852e-05,1.12090886320852e-06,1
"261","BlackSeaBass",1994,2.87567961930216e-06,2.87567961930216e-07,1
"262","BlackSeaBass",1995,6.30503978827441e-05,6.30503978827441e-06,1
"263","BlackSeaBass",1996,1.37583005475613e-06,1.37583005475613e-07,1
"264","BlackSeaBass",1997,7.32777992184858e-06,7.32777992184858e-07,1
"265","BlackSeaBass",1998,0.000136638712287241,1.36638712287241e-05,1
"266","BlackSeaBass",1999,2.61057860452572e-05,2.61057860452572e-06,1
"267","BlackSeaBass",2000,7.58602700550323e-06,7.58602700550323e-07,1
"268","BlackSeaBass",2001,2.12078519950308e-05,2.12078519950308e-06,1
"269","BlackSeaBass",2002,0.000650757877189748,6.50757877189748e-05,1
"270","BlackSeaBass",2003,3.62210714202801e-05,3.62210714202801e-06,1
"271","BlackSeaBass",2004,2.90934320949499e-05,2.90934320949499e-06,1
"272","BlackSeaBass",2005,3.24561925870745e-05,3.24561925870745e-06,1
"273","BlackSeaBass",2006,3.50737930627248e-05,3.50737930627248e-06,1
"274","BlackSeaBass",2007,1.89720841603872e-05,1.89720841603872e-06,1
"275","BlackSeaBass",2008,0.000320823692500019,3.20823692500019e-05,1
"276","BlackSeaBass",2009,7.02976808901867e-06,7.02976808901867e-07,1
"277","BlackSeaBass",2010,0.000221116743274806,2.21116743274806e-05,1
"278","BlackSeaBass",2011,3.7094673873604e-05,3.7094673873604e-06,1
"279","BlackSeaBass",2012,4.03728056317044e-05,4.03728056317044e-06,1
"280","BlackSeaBass",2013,6.32860082492546e-05,6.32860082492547e-06,1
"281","BlackSeaBass",2014,1.93725662227064e-05,1.93725662227064e-06,1
"282","BlackSeaBass",2015,6.08432535881128e-05,6.08432535881128e-06,1
"283","BlackSeaBass",2016,8.19914599195277e-05,8.19914599195278e-06,1
"284","BlackSeaBass",2017,5.86599317158508e-05,5.86599317158508e-06,1
"285","BlackSeaBass",2018,9.85034275872283e-05,9.85034275872283e-06,1
"286","BlackSeaBass",2019,7.97128784591086e-05,7.97128784591086e-06,1
"287","Butterfish",1980,0.00028628441189827,2.8628441189827e-05,1
"288","Butterfish",1981,0.00168625631375781,0.000168625631375781,1
"289","Butterfish",1982,0.000536771402541231,5.36771402541231e-05,1
"290","Butterfish",1983,0.00044814220225796,4.4814220225796e-05,1
"291","Butterfish",1984,0.000354123938003892,3.54123938003892e-05,1
"292","Butterfish",1985,0.000510515320795477,5.10515320795477e-05,1
"293","Butterfish",1986,0.000145670930919548,1.45670930919548e-05,1
"294","Butterfish",1987,1.12448772293754e-05,1.12448772293755e-06,1
"295","Butterfish",1988,2.1401862643489e-05,2.1401862643489e-06,1
"296","Butterfish",1989,2.88490443387685e-05,2.88490443387685e-06,1
"297","Butterfish",1990,8.38090401237641e-05,8.38090401237641e-06,1
"298","Butterfish",1991,3.84164014820426e-05,3.84164014820426e-06,1
"299","Butterfish",1992,2.95287535624232e-05,2.95287535624232e-06,1
"300","Butterfish",1993,4.12949206593456e-05,4.12949206593456e-06,1
"301","Butterfish",1994,0.000114570944879335,1.14570944879335e-05,1
"302","Butterfish",1995,0.000814769858399635,8.14769858399635e-05,1
"303","Butterfish",1996,8.50325132841556e-05,8.50325132841556e-06,1
"304","Butterfish",1997,0.000212882553400962,2.12882553400962e-05,1
"305","Butterfish",1998,9.60977286849625e-05,9.60977286849625e-06,1
"306","Butterfish",1999,7.24884449592561e-05,7.24884449592561e-06,1
"307","Butterfish",2000,0.000183749357002887,1.83749357002887e-05,1
"308","Butterfish",2001,0.000256200216742158,2.56200216742158e-05,1
"309","Butterfish",2002,0.000108982572058106,1.08982572058106e-05,1
"310","Butterfish",2003,3.67975577931984e-05,3.67975577931984e-06,1
"311","Butterfish",2004,1.63925693636728e-05,1.63925693636728e-06,1
"312","Butterfish",2005,6.03693953104135e-06,6.03693953104135e-07,1
"313","Butterfish",2006,8.68565911690535e-05,8.68565911690535e-06,1
"314","Butterfish",2007,2.66778273920315e-05,2.66778273920315e-06,1
"315","Butterfish",2008,1.09799420590952e-05,1.09799420590952e-06,1
"316","Butterfish",2009,0.000164145277723597,1.64145277723597e-05,1
"317","Butterfish",2010,0.000249518720756281,2.49518720756281e-05,1
"318","Butterfish",2011,0.00023244569488179,2.3244569488179e-05,1
"319","Butterfish",2012,0.000138131786049917,1.38131786049917e-05,1
"320","Butterfish",2013,0.000196952366265657,1.96952366265657e-05,1
"321","Butterfish",2014,0.000225524429109141,2.25524429109141e-05,1
"322","Butterfish",2015,0.000733409740858929,7.33409740858929e-05,1
"323","Butterfish",2016,0.000306562156362589,3.06562156362589e-05,1
"324","Butterfish",2017,0.000381416512432052,3.81416512432052e-05,1
"325","Butterfish",2018,0.000254000151991076,2.54000151991076e-05,1
"326","Butterfish",2019,7.975842906491e-05,7.975842906491e-06,1
"327","Cod",1980,0.333476885135772,0.0333476885135772,1
"328","Cod",1981,0.28853474850611,0.028853474850611,1
"329","Cod",1982,0.332641913404657,0.0332641913404657,1
"330","Cod",1983,0.320665076935509,0.0320665076935509,1
"331","Cod",1984,0.236382786037862,0.0236382786037862,1
"332","Cod",1985,0.238777794047599,0.0238777794047599,1
"333","Cod",1986,0.184822523442752,0.0184822523442752,1
"334","Cod",1987,0.175025034411014,0.0175025034411014,1
"335","Cod",1988,0.204865902522285,0.0204865902522285,1
"336","Cod",1989,0.234360027242733,0.0234360027242733,1
"337","Cod",1990,0.301714160364268,0.0301714160364268,1
"338","Cod",1991,0.320700102188396,0.0320700102188396,1
"339","Cod",1992,0.20544899200213,0.020544899200213,1
"340","Cod",1993,0.163745146915396,0.0163745146915396,1
"341","Cod",1994,0.150304250229348,0.0150304250229348,1
"342","Cod",1995,0.118269279839747,0.0118269279839747,1
"343","Cod",1996,0.124584325454325,0.0124584325454325,1
"344","Cod",1997,0.110314854987661,0.0110314854987661,1
"345","Cod",1998,0.0898251316969241,0.00898251316969241,1
"346","Cod",1999,0.0586519249313185,0.00586519249313185,1
"347","Cod",2000,0.0847299173132379,0.00847299173132379,1
"348","Cod",2001,0.105673265854657,0.0105673265854657,1
"349","Cod",2002,0.088853412583087,0.0088853412583087,1
"350","Cod",2003,0.0768903807283972,0.00768903807283972,1
"351","Cod",2004,0.057143610512643,0.0057143610512643,1
"352","Cod",2005,0.0511775168807117,0.00511775168807117,1
"353","Cod",2006,0.0488078699248499,0.00488078699248499,1
"354","Cod",2007,0.0666696781277439,0.00666696781277439,1
"355","Cod",2008,0.0833447180457219,0.00833447180457219,1
"356","Cod",2009,0.0880994809045222,0.00880994809045222,1
"357","Cod",2010,0.0780120613700522,0.00780120613700522,1
"358","Cod",2011,0.0739468242952819,0.00739468242952819,1
"359","Cod",2012,0.0457836648785715,0.00457836648785715,1
"360","Cod",2013,0.0189475515901146,0.00189475515901146,1
"361","Cod",2014,0.0188654106053384,0.00188654106053384,1
"362","Cod",2015,0.00998273760086938,0.000998273760086938,1
"363","Cod",2016,0.00901077756053349,0.000901077756053349,1
"364","Cod",2017,0.00570486504695014,0.000570486504695014,1
"365","Cod",2018,0.00718226799366898,0.000718226799366898,1
"366","Cod",2019,0.00780644516027778,0.000780644516027778,1
"367","Cusk",1980,0.0202445300662549,0.00202445300662549,1
"368","Cusk",1981,0.0199312736485643,0.00199312736485643,1
"369","Cusk",1982,0.0201295940361915,0.00201295940361915,1
"370","Cusk",1983,0.020444185557253,0.0020444185557253,1
"371","Cusk",1984,0.0184163275465014,0.00184163275465014,1
"372","Cusk",1985,0.028108196423893,0.0028108196423893,1
"373","Cusk",1986,0.022126609925811,0.0022126609925811,1
"374","Cusk",1987,0.0161893128369133,0.00161893128369133,1
"375","Cusk",1988,0.0122679801973502,0.00122679801973502,1
"376","Cusk",1989,0.0107957212628822,0.00107957212628822,1
"377","Cusk",1990,0.0139037714188325,0.00139037714188325,1
"378","Cusk",1991,0.0171504842489173,0.00171504842489173,1
"379","Cusk",1992,0.0178491139157304,0.00178491139157304,1
"380","Cusk",1993,0.0155493773808756,0.00155493773808756,1
"381","Cusk",1994,0.0109773539974498,0.00109773539974498,1
"382","Cusk",1995,0.00769328093532297,0.000769328093532297,1
"383","Cusk",1996,0.00493669074435389,0.000493669074435389,1
"384","Cusk",1997,0.00489167680336145,0.000489167680336145,1
"385","Cusk",1998,0.00386197188768726,0.000386197188768726,1
"386","Cusk",1999,0.0025705861871413,0.00025705861871413,1
"387","Cusk",2000,0.00194321352630147,0.000194321352630147,1
"388","Cusk",2001,0.00171348934596309,0.000171348934596309,1
"389","Cusk",2002,0.00157009759894417,0.000157009759894417,1
"390","Cusk",2003,0.00115525588391666,0.000115525588391666,1
"391","Cusk",2004,0.000810875086970146,8.10875086970147e-05,1
"392","Cusk",2005,0.000998227542472572,9.98227542472572e-05,1
"393","Cusk",2006,0.00073509819345658,7.3509819345658e-05,1
"394","Cusk",2007,0.00104455328003957,0.000104455328003957,1
"395","Cusk",2008,0.000588674818496068,5.88674818496068e-05,1
"396","Cusk",2009,0.000502139159584108,5.02139159584108e-05,1
"397","Cusk",2010,0.000376775046491183,3.76775046491183e-05,1
"398","Cusk",2011,0.000458175482951212,4.58175482951212e-05,1
"399","Cusk",2012,0.00048564365906217,4.8564365906217e-05,1
"400","Cusk",2013,0.000469836640154548,4.69836640154548e-05,1
"401","Cusk",2014,0.000563082913153665,5.63082913153665e-05,1
"402","Cusk",2015,0.000495477991380101,4.95477991380101e-05,1
"403","Cusk",2016,0.000406173366390533,4.06173366390533e-05,1
"404","Cusk",2017,0.000373788040702513,3.73788040702513e-05,1
"405","Cusk",2018,0.000284339728904629,2.84339728904629e-05,1
"406","Cusk",2019,0.000203510523087742,2.03510523087742e-05,1
"407","Fourspot",1980,8.13326817986241e-06,8.13326817986241e-07,1
"408","Fourspot",1981,7.98533321100141e-05,7.98533321100141e-06,1
"409","Fourspot",1982,4.57329950124072e-05,4.57329950124072e-06,1
"410","Fourspot",1983,2.42453023652181e-05,2.42453023652181e-06,1
"411","Fourspot",1984,1.45854201398376e-05,1.45854201398376e-06,1
"412","Fourspot",1985,0.000124441153622125,1.24441153622125e-05,1
"413","Fourspot",1986,9.14647496549613e-05,9.14647496549613e-06,1
"414","Fourspot",1987,1.4401105148565e-05,1.4401105148565e-06,1
"415","Fourspot",1988,7.71600560589715e-06,7.71600560589715e-07,1
"416","Fourspot",1989,1.42393391981634e-05,1.42393391981634e-06,1
"417","Fourspot",1990,9.58563749769498e-07,9.58563749769498e-08,1
"418","Fourspot",1991,1.00821507667849e-07,1.00821507667849e-08,1
"419","Fourspot",1992,7.36620693717766e-06,7.36620693717766e-07,1
"420","Fourspot",1993,3.25734731222208e-06,3.25734731222208e-07,1
"421","Fourspot",1994,8.75122350420854e-07,8.75122350420854e-08,1
"422","Fourspot",1995,1.49062615864415e-06,1.49062615864415e-07,1
"423","Fourspot",1996,4.12204394154081e-06,4.12204394154081e-07,1
"424","Fourspot",1997,2.15607941603546e-06,2.15607941603546e-07,1
"425","Fourspot",1998,1.03483036408553e-06,1.03483036408554e-07,1
"426","Fourspot",1999,6.97137272559635e-08,6.97137272559635e-09,1
"427","Fourspot",2000,3.2466457720921e-06,3.2466457720921e-07,1
"428","Fourspot",2001,2.92280586293056e-07,2.92280586293056e-08,1
"429","Fourspot",2002,1.35072093074492e-07,1.35072093074492e-08,1
"430","Fourspot",2003,5.80947727133029e-09,5.80947727133029e-10,1
"431","Fourspot",2006,8.71421590699544e-08,8.71421590699544e-09,1
"432","Fourspot",2007,5.80947727133029e-09,5.80947727133029e-10,1
"433","Fourspot",2009,3.36949681737157e-07,3.36949681737157e-08,1
"434","Fourspot",2010,2.84821551441662e-06,2.84821551441662e-07,1
"435","Fourspot",2018,9.29516363412847e-08,9.29516363412847e-09,1
"436","Fourspot",2019,2.09141181767891e-07,2.09141181767891e-08,1
"437","Haddock",1980,0.15878097714438,0.015878097714438,1
"438","Haddock",1981,0.133821295438918,0.0133821295438918,1
"439","Haddock",1982,0.113503369234028,0.0113503369234028,1
"440","Haddock",1983,0.0993398326045318,0.00993398326045318,1
"441","Haddock",1984,0.0579525255012277,0.00579525255012277,1
"442","Haddock",1985,0.047901596534272,0.0047901596534272,1
"443","Haddock",1986,0.0327398028399007,0.00327398028399007,1
"444","Haddock",1987,0.0183681933992663,0.00183681933992663,1
"445","Haddock",1988,0.0131075388178243,0.00131075388178243,1
"446","Haddock",1989,0.00865184032002659,0.000865184032002659,1
"447","Haddock",1990,0.0113369699156535,0.00113369699156535,1
"448","Haddock",1991,0.00920970877386643,0.000920970877386643,1
"449","Haddock",1992,0.00760631911830312,0.000760631911830312,1
"450","Haddock",1993,0.00469040519748785,0.000469040519748785,1
"451","Haddock",1994,0.00291624431545615,0.000291624431545615,1
"452","Haddock",1995,0.00383504639630309,0.000383504639630309,1
"453","Haddock",1996,0.00541505128051974,0.000541505128051974,1
"454","Haddock",1997,0.0139406310607176,0.00139406310607176,1
"455","Haddock",1998,0.0247720812590033,0.00247720812590033,1
"456","Haddock",1999,0.02516138753015,0.002516138753015,1
"457","Haddock",2000,0.0309380613057137,0.00309380613057137,1
"458","Haddock",2001,0.0448123867899038,0.00448123867899038,1
"459","Haddock",2002,0.0518766526765973,0.00518766526765973,1
"460","Haddock",2003,0.0400399350869864,0.00400399350869864,1
"461","Haddock",2004,0.0461930526626855,0.00461930526626855,1
"462","Haddock",2005,0.0443661737506087,0.00443661737506087,1
"463","Haddock",2006,0.0202266640640473,0.00202266640640473,1
"464","Haddock",2007,0.0239335221341636,0.00239335221341636,1
"465","Haddock",2008,0.037067979355997,0.0037067979355997,1
"466","Haddock",2009,0.0318211793587337,0.00318211793587337,1
"467","Haddock",2010,0.0382087653247904,0.00382087653247904,1
"468","Haddock",2011,0.0197850823562513,0.00197850823562513,1
"469","Haddock",2012,0.0124333017035053,0.00124333017035053,1
"470","Haddock",2013,0.0134794862249172,0.00134794862249172,1
"471","Haddock",2014,0.0306658822891938,0.00306658822891938,1
"472","Haddock",2015,0.0358316292921514,0.00358316292921514,1
"473","Haddock",2016,0.0407702510395107,0.00407702510395107,1
"474","Haddock",2017,0.0518561356246692,0.00518561356246692,1
"475","Haddock",2018,0.0607174167153246,0.00607174167153246,1
"476","Haddock",2019,0.0791880772580272,0.00791880772580272,1
"477","Illex",1980,0.00368471152320771,0.000368471152320771,1
"478","Illex",1981,0.00719846705418363,0.000719846705418363,1
"479","Illex",1982,0.000846677864411431,8.46677864411431e-05,1
"480","Illex",1983,0.000225830051480797,2.25830051480797e-05,1
"481","Illex",1984,0.000119427978963405,1.19427978963405e-05,1
"482","Illex",1985,2.21866126438537e-05,2.21866126438537e-06,1
"483","Illex",1986,6.44332470671269e-05,6.44332470671269e-06,1
"484","Illex",1987,4.05081147479095e-05,4.05081147479095e-06,1
"485","Illex",1988,0.000100609960663925,1.00609960663925e-05,1
"486","Illex",1989,2.24826770400482e-06,2.24826770400482e-07,1
"487","Illex",1990,1.58573787555345e-05,1.58573787555345e-06,1
"488","Illex",1991,9.10683500379422e-06,9.10683500379422e-07,1
"489","Illex",1992,2.03226565891381e-05,2.03226565891381e-06,1
"490","Illex",1993,5.23941432506939e-05,5.23941432506939e-06,1
"491","Illex",1994,8.30634760566543e-05,8.30634760566543e-06,1
"492","Illex",1995,3.05385681317241e-05,3.05385681317241e-06,1
"493","Illex",1996,3.73088279784717e-05,3.73088279784717e-06,1
"494","Illex",1997,2.75285733622562e-05,2.75285733622562e-06,1
"495","Illex",1998,0.000523213249876962,5.23213249876962e-05,1
"496","Illex",1999,5.12255320502092e-05,5.12255320502092e-06,1
"497","Illex",2000,3.13161134991287e-05,3.13161134991287e-06,1
"498","Illex",2001,0.000186117313844317,1.86117313844317e-05,1
"499","Illex",2002,4.0097143500622e-06,4.0097143500622e-07,1
"500","Illex",2003,8.13326817986241e-07,8.13326817986241e-08,1
"501","Illex",2004,2.06817390859358e-06,2.06817390859358e-07,1
"502","Illex",2005,3.04062154251151e-05,3.04062154251151e-06,1
"503","Illex",2006,8.96708754806398e-06,8.96708754806398e-07,1
"504","Illex",2008,6.93458488807105e-06,6.93458488807105e-07,1
"505","Illex",2009,1.47560722691789e-06,1.47560722691789e-07,1
"506","Illex",2010,1.74284318139909e-06,1.74284318139909e-07,1
"507","Illex",2011,0.000245871075690207,2.45871075690207e-05,1
"508","Illex",2012,1.03431774761826e-05,1.03431774761826e-06,1
"509","Illex",2013,0.000125746766412034,1.25746766412034e-05,1
"510","Illex",2014,0.00367360324466488,0.000367360324466488,1
"511","Illex",2015,1.81573532809487e-07,1.81573532809487e-08,1
"512","Illex",2016,4.78875441198888e-07,4.78875441198888e-08,1
"513","Illex",2017,1.30780256719171e-06,1.30780256719171e-07,1
"514","Illex",2018,5.98560230579282e-05,5.98560230579282e-06,1
"515","Illex",2019,1.87223420759968e-05,1.87223420759968e-06,1
"516","LittleSkate",1980,0.000232619325031333,2.32619325031333e-05,1
"517","LittleSkate",1981,1.87369964126271e-05,1.87369964126271e-06,1
"518","LittleSkate",1982,0.000522298976335506,5.22298976335506e-05,1
"519","LittleSkate",1983,0.00140089459727958,0.000140089459727958,1
"520","LittleSkate",1984,0.00110231219408419,0.000110231219408419,1
"521","LittleSkate",1985,0.000442445834189238,4.42445834189238e-05,1
"522","LittleSkate",1986,0.000439026379003409,4.39026379003409e-05,1
"523","LittleSkate",1987,0.00105102980575784,0.000105102980575784,1
"524","LittleSkate",1988,0.00252929287190878,0.000252929287190878,1
"525","LittleSkate",1989,0.000421899684716233,4.21899684716233e-05,1
"526","LittleSkate",1990,0.00501601130213914,0.000501601130213914,1
"527","LittleSkate",1991,0.00511989639853982,0.000511989639853982,1
"528","LittleSkate",1992,0.00598194638435319,0.000598194638435319,1
"529","LittleSkate",1993,0.00527431220614878,0.000527431220614878,1
"530","LittleSkate",1994,0.00598056470214042,0.000598056470214042,1
"531","LittleSkate",1995,0.00299812121933477,0.000299812121933477,1
"532","LittleSkate",1996,0.0122375576754728,0.00122375576754728,1
"533","LittleSkate",1997,0.00428032208021515,0.000428032208021515,1
"534","LittleSkate",1998,0.0132675344424017,0.00132675344424017,1
"535","LittleSkate",1999,0.0081031026673403,0.00081031026673403,1
"536","LittleSkate",2000,0.0109835399703407,0.00109835399703407,1
"537","LittleSkate",2001,0.00801437903028024,0.000801437903028024,1
"538","LittleSkate",2002,0.00624866267688747,0.000624866267688747,1
"539","LittleSkate",2003,0.0060658346554865,0.00060658346554865,1
"540","LittleSkate",2004,0.00410051815054322,0.000410051815054322,1
"541","LittleSkate",2005,0.00418541931380987,0.000418541931380987,1
"542","LittleSkate",2006,0.00532124243524553,0.000532124243524553,1
"543","LittleSkate",2007,0.00914801240246095,0.000914801240246095,1
"544","LittleSkate",2008,0.00556026475419917,0.000556026475419917,1
"545","LittleSkate",2009,0.00619530323045576,0.000619530323045576,1
"546","LittleSkate",2010,0.00808308353271628,0.000808308353271628,1
"547","LittleSkate",2011,0.00160630432801577,0.000160630432801577,1
"548","LittleSkate",2012,0.00304792034996572,0.000304792034996572,1
"549","LittleSkate",2013,0.00290208400448627,0.000290208400448627,1
"550","LittleSkate",2014,0.000796619810931173,7.96619810931173e-05,1
"551","LittleSkate",2015,0.000654498862216213,6.54498862216213e-05,1
"552","LittleSkate",2016,0.00024469774074333,2.4469774074333e-05,1
"553","LittleSkate",2017,0.000216438901155105,2.16438901155105e-05,1
"554","LittleSkate",2018,0.000435624432564083,4.35624432564083e-05,1
"555","LittleSkate",2019,0.000464322201868014,4.64322201868014e-05,1
"556","Loligo",1980,8.94164968366227e-05,8.94164968366227e-06,1
"557","Loligo",1981,0.000195523900897895,1.95523900897895e-05,1
"558","Loligo",1982,6.83463577968025e-05,6.83463577968025e-06,1
"559","Loligo",1983,0.000318789275829947,3.18789275829947e-05,1
"560","Loligo",1984,0.00021016502040584,2.1016502040584e-05,1
"561","Loligo",1985,8.55151189665079e-05,8.55151189665079e-06,1
"562","Loligo",1986,0.000157296841616045,1.57296841616045e-05,1
"563","Loligo",1987,2.76190247633543e-05,2.76190247633543e-06,1
"564","Loligo",1988,3.6205204243508e-05,3.6205204243508e-06,1
"565","Loligo",1989,0.000156241421578504,1.56241421578504e-05,1
"566","Loligo",1990,5.17726165982018e-05,5.17726165982018e-06,1
"567","Loligo",1991,7.99300981354333e-05,7.99300981354333e-06,1
"568","Loligo",1992,6.68864320815048e-05,6.68864320815049e-06,1
"569","Loligo",1993,0.00023327938528297,2.3327938528297e-05,1
"570","Loligo",1994,0.000357703587876259,3.57703587876259e-05,1
"571","Loligo",1995,0.000513265510220203,5.13265510220203e-05,1
"572","Loligo",1996,0.000292638780836523,2.92638780836523e-05,1
"573","Loligo",1997,0.000515295667174545,5.15295667174545e-05,1
"574","Loligo",1998,0.000596912778194956,5.96912778194956e-05,1
"575","Loligo",1999,0.000498201015635862,4.98201015635862e-05,1
"576","Loligo",2000,0.000327358905056325,3.27358905056325e-05,1
"577","Loligo",2001,0.000171018483217735,1.71018483217736e-05,1
"578","Loligo",2002,0.000632640153235297,6.32640153235297e-05,1
"579","Loligo",2003,6.54268436340629e-05,6.54268436340629e-06,1
"580","Loligo",2004,4.12103019845735e-05,4.12103019845735e-06,1
"581","Loligo",2005,9.18249055858149e-06,9.18249055858149e-07,1
"582","Loligo",2006,0.00039447992833533,3.9447992833533e-05,1
"583","Loligo",2007,0.000544983057180032,5.44983057180032e-05,1
"584","Loligo",2008,0.000139436972640576,1.39436972640576e-05,1
"585","Loligo",2009,0.000184254814965453,1.84254814965453e-05,1
"586","Loligo",2010,0.00136997490783503,0.000136997490783503,1
"587","Loligo",2011,0.000359644535648074,3.59644535648074e-05,1
"588","Loligo",2012,0.000754132696106389,7.54132696106389e-05,1
"589","Loligo",2013,0.000605273772259634,6.05273772259634e-05,1
"590","Loligo",2014,0.000444564647850506,4.44564647850506e-05,1
"591","Loligo",2015,0.000291022856618881,2.91022856618881e-05,1
"592","Loligo",2016,0.000313671409718708,3.13671409718708e-05,1
"593","Loligo",2017,0.00134780984544016,0.000134780984544016,1
"594","Loligo",2018,0.000336095111811998,3.36095111811998e-05,1
"595","Loligo",2019,0.000645536364676335,6.45536364676335e-05,1
"596","Macrobenthos",1980,3.19521249923166e-06,3.19521249923166e-07,1
"597","Macrobenthos",1981,1.27808499969266e-06,1.27808499969266e-07,1
"598","Macrobenthos",1987,0.00120306721968798,0.000120306721968798,1
"599","Macrobenthos",1988,4.40939324893969e-06,4.40939324893969e-07,1
"600","Macrobenthos",1989,0.000564315193705211,5.64315193705211e-05,1
"601","Macrobenthos",1990,0.0011676816936283,0.00011676816936283,1
"602","Macrobenthos",1991,0.000596412555629311,5.96412555629311e-05,1
"603","Macrobenthos",1992,0.00104163788897049,0.000104163788897049,1
"604","Macrobenthos",1993,0.000627277605113905,6.27277605113905e-05,1
"605","Macrobenthos",1994,1.06358814535732e-05,1.06358814535732e-06,1
"606","Macrobenthos",1995,5.33326759915729e-06,5.33326759915729e-07,1
"607","Macrobenthos",1996,4.01456823084969e-05,4.01456823084969e-06,1
"608","Macrobenthos",1997,0.00237233708076591,0.000237233708076591,1
"609","Macrobenthos",1998,0.00619106001060638,0.000619106001060638,1
"610","Macrobenthos",1999,0.00522588052843656,0.000522588052843656,1
"611","Macrobenthos",2000,0.00122210236223727,0.000122210236223727,1
"612","Macrobenthos",2001,1.34898719178396e-05,1.34898719178396e-06,1
"613","Macrobenthos",2002,8.02623137675021e-06,8.02623137675021e-07,1
"614","Macrobenthos",2003,7.65366802238002e-05,7.65366802238002e-06,1
"615","Macrobenthos",2004,5.59695151963125e-06,5.59695151963125e-07,1
"616","Macrobenthos",2005,0.00143642181325929,0.000143642181325929,1
"617","Macrobenthos",2006,0.00242106669273384,0.000242106669273384,1
"618","Macrobenthos",2007,0.00240762175837507,0.000240762175837507,1
"619","Macrobenthos",2008,0.00220499129768911,0.000220499129768911,1
"620","Macrobenthos",2009,0.00294783689126931,0.000294783689126931,1
"621","Macrobenthos",2010,0.00467724813306096,0.000467724813306096,1
"622","Macrobenthos",2011,0.00235005339671948,0.000235005339671948,1
"623","Macrobenthos",2012,0.00257356526093795,0.000257356526093795,1
"624","Macrobenthos",2013,0.00204096902941577,0.000204096902941577,1
"625","Macrobenthos",2014,0.00174662246939236,0.000174662246939236,1
"626","Macrobenthos",2015,0.00203725593335175,0.000203725593335175,1
"627","Macrobenthos",2016,0.00194827039206809,0.000194827039206809,1
"628","Macrobenthos",2017,0.00163903489449445,0.000163903489449445,1
"629","Macrobenthos",2018,0.00163318362759953,0.000163318362759953,1
"630","Macrobenthos",2019,0.00153116378277673,0.000153116378277673,1
"631","Megabenthos",1980,0.0209852952560771,0.00209852952560771,1
"632","Megabenthos",1981,0.0228937580111603,0.00228937580111603,1
"633","Megabenthos",1982,0.0298294962107942,0.00298294962107942,1
"634","Megabenthos",1983,0.0385891588725253,0.00385891588725253,1
"635","Megabenthos",1984,0.042503666864378,0.0042503666864378,1
"636","Megabenthos",1985,0.0495497057855412,0.00495497057855412,1
"637","Megabenthos",1986,0.0575543075317221,0.00575543075317221,1
"638","Megabenthos",1987,0.0579871571333253,0.00579871571333253,1
"639","Megabenthos",1988,0.0722055955776152,0.00722055955776152,1
"640","Megabenthos",1989,0.0781239522589698,0.00781239522589698,1
"641","Megabenthos",1990,0.0656289436377115,0.00656289436377115,1
"642","Megabenthos",1991,0.0663576020516805,0.00663576020516805,1
"643","Megabenthos",1992,0.065572218753252,0.0065572218753252,1
"644","Megabenthos",1993,0.0727522893132524,0.00727522893132524,1
"645","Megabenthos",1994,0.0457761845591608,0.00457761845591608,1
"646","Megabenthos",1995,0.0571645762450183,0.00571645762450183,1
"647","Megabenthos",1996,0.0519810094383956,0.00519810094383956,1
"648","Megabenthos",1997,0.053159710989773,0.0053159710989773,1
"649","Megabenthos",1998,0.0420584396197502,0.00420584396197502,1
"650","Megabenthos",1999,0.0350676008092795,0.00350676008092795,1
"651","Megabenthos",2000,0.0299921398393354,0.00299921398393354,1
"652","Megabenthos",2001,0.0140459606734909,0.00140459606734909,1
"653","Megabenthos",2002,0.0211295592516257,0.00211295592516257,1
"654","Megabenthos",2003,0.031865132487712,0.0031865132487712,1
"655","Megabenthos",2004,0.0118319750988879,0.00118319750988879,1
"656","Megabenthos",2005,0.0122819565700244,0.00122819565700244,1
"657","Megabenthos",2006,0.0156177519949334,0.00156177519949334,1
"658","Megabenthos",2007,0.0123729382542789,0.00123729382542789,1
"659","Megabenthos",2008,0.0119776504924456,0.00119776504924456,1
"660","Megabenthos",2009,0.0136261064496005,0.00136261064496005,1
"661","Megabenthos",2010,0.0201916384384622,0.00201916384384622,1
"662","Megabenthos",2011,0.0194940753660499,0.00194940753660499,1
"663","Megabenthos",2012,0.0213038449858776,0.00213038449858776,1
"664","Megabenthos",2013,0.0262208562929949,0.00262208562929949,1
"665","Megabenthos",2014,0.0243431106169727,0.00243431106169727,1
"666","Megabenthos",2015,0.0332273218984666,0.00332273218984666,1
"667","Megabenthos",2016,0.0314424385119202,0.00314424385119202,1
"668","Megabenthos",2017,0.0377759171379357,0.00377759171379357,1
"669","Megabenthos",2018,0.0324990648897883,0.00324990648897884,1
"670","Megabenthos",2019,0.0262157649905534,0.00262157649905534,1
"671","Mesopelagics",1997,5.80947727133029e-08,5.80947727133029e-09,1
"672","Mesopelagics",2002,1.33617977240597e-07,1.33617977240597e-08,1
"673","Mesopelagics",2003,1.34779872694863e-05,1.34779872694863e-06,1
"674","Mesopelagics",2005,2.55616999938533e-07,2.55616999938533e-08,1
"675","Mesopelagics",2010,2.09141181767891e-07,2.09141181767891e-08,1
"676","Mesopelagics",2012,2.15415417220927e-05,2.15415417220927e-06,1
"677","Mesopelagics",2013,4.17120468081515e-06,4.17120468081515e-07,1
"678","Mesopelagics",2014,2.83502490840918e-06,2.83502490840918e-07,1
"679","Mesopelagics",2015,9.23706886141517e-07,9.23706886141517e-08,1
"680","Mesopelagics",2016,5.09491156695667e-06,5.09491156695667e-07,1
"681","Mesopelagics",2017,2.14950659039221e-07,2.14950659039221e-08,1
"682","Mesopelagics",2018,1.71379579504244e-06,1.71379579504244e-07,1
"683","NShrimp",1980,0.00418155716931266,0.000418155716931266,1
"684","NShrimp",1981,0.0137029883242049,0.00137029883242049,1
"685","NShrimp",1982,0.0200791289879278,0.00200791289879278,1
"686","NShrimp",1983,0.0201506215422589,0.00201506215422589,1
"687","NShrimp",1984,0.0413273597110679,0.00413273597110679,1
"688","NShrimp",1985,0.0534997708429983,0.00534997708429984,1
"689","NShrimp",1986,0.0599291952953573,0.00599291952953573,1
"690","NShrimp",1987,0.0637452862499415,0.00637452862499415,1
"691","NShrimp",1988,0.0388317859233252,0.00388317859233252,1
"692","NShrimp",1989,0.0460800453472904,0.00460800453472904,1
"693","NShrimp",1990,0.0563282565097338,0.00563282565097338,1
"694","NShrimp",1991,0.0429976607749384,0.00429976607749384,1
"695","NShrimp",1992,0.0430011814274558,0.00430011814274558,1
"696","NShrimp",1993,0.0295103883896521,0.00295103883896521,1
"697","NShrimp",1994,0.0474278538478175,0.00474278538478175,1
"698","NShrimp",1995,0.0834568672390198,0.00834568672390198,1
"699","NShrimp",1996,0.118958336402855,0.0118958336402855,1
"700","NShrimp",1997,0.0765375115990125,0.00765375115990125,1
"701","NShrimp",1998,0.0423302971888437,0.00423302971888437,1
"702","NShrimp",1999,0.0192600205701868,0.00192600205701868,1
"703","NShrimp",2000,0.0280301643148733,0.00280301643148734,1
"704","NShrimp",2001,0.0106765226116228,0.00106765226116228,1
"705","NShrimp",2002,0.00416269379661265,0.000416269379661265,1
"706","NShrimp",2003,0.0111830868914245,0.00111830868914245,1
"707","NShrimp",2004,0.0142365013918104,0.00142365013918104,1
"708","NShrimp",2005,0.0124857076586293,0.00124857076586293,1
"709","NShrimp",2006,0.0177890777211336,0.00177890777211336,1
"710","NShrimp",2007,0.0316130648609229,0.00316130648609229,1
"711","NShrimp",2008,0.0351349226386194,0.00351349226386194,1
"712","NShrimp",2009,0.0205484773345731,0.00205484773345731,1
"713","NShrimp",2010,0.0622149469457667,0.00622149469457667,1
"714","NShrimp",2011,0.0578876002482076,0.00578876002482076,1
"715","NShrimp",2012,0.0244261261538238,0.00244261261538238,1
"716","NShrimp",2013,0.00293817798683892,0.000293817798683892,1
"717","NShrimp",2014,4.76377136249084e-07,4.76377136249084e-08,1
"718","NShrimp",2015,6.5658712120575e-05,6.5658712120575e-06,1
"719","NShrimp",2016,0.000135018061262987,1.35018061262987e-05,1
"720","NShrimp",2017,0.000238908943306187,2.38908943306187e-05,1
"721","NShrimp",2018,3.10574654925317e-05,3.10574654925317e-06,1
"722","OceanPout",1980,0.00224174231625295,0.000224174231625295,1
"723","OceanPout",1981,0.000310905549349426,3.10905549349426e-05,1
"724","OceanPout",1982,0.00274559992202878,0.000274559992202878,1
"725","OceanPout",1983,0.00426362513510222,0.000426362513510222,1
"726","OceanPout",1984,0.0126689187448932,0.00126689187448932,1
"727","OceanPout",1985,0.00923215393001307,0.000923215393001307,1
"728","OceanPout",1986,0.00761817446687145,0.000761817446687145,1
"729","OceanPout",1987,0.0168163523575734,0.00168163523575734,1
"730","OceanPout",1988,0.00841840851988159,0.000841840851988159,1
"731","OceanPout",1989,0.00374531065118071,0.000374531065118071,1
"732","OceanPout",1990,0.0024919611402587,0.00024919611402587,1
"733","OceanPout",1991,0.00236346908214315,0.000236346908214315,1
"734","OceanPout",1992,0.00156727923833642,0.000156727923833642,1
"735","OceanPout",1993,0.000638983129862563,6.38983129862563e-05,1
"736","OceanPout",1994,0.000374582785524956,3.74582785524956e-05,1
"737","OceanPout",1995,0.000184155593407379,1.84155593407379e-05,1
"738","OceanPout",1996,9.70571627433689e-05,9.70571627433689e-06,1
"739","OceanPout",1997,5.47052051534881e-05,5.47052051534881e-06,1
"740","OceanPout",1998,3.60480818287592e-05,3.60480818287592e-06,1
"741","OceanPout",1999,2.87534095516498e-05,2.87534095516498e-06,1
"742","OceanPout",2000,5.17044914781321e-05,5.17044914781321e-06,1
"743","OceanPout",2001,3.82638648896795e-06,3.82638648896795e-07,1
"744","OceanPout",2002,1.06764572542899e-05,1.06764572542899e-06,1
"745","OceanPout",2003,5.97896875021281e-05,5.97896875021281e-06,1
"746","OceanPout",2004,2.23509454101636e-06,2.23509454101636e-07,1
"747","OceanPout",2005,6.41358984113551e-07,6.41358984113551e-08,1
"748","OceanPout",2006,2.90473863566515e-07,2.90473863566515e-08,1
"749","OceanPout",2007,6.70413677111516e-06,6.70413677111516e-07,1
"750","OceanPout",2008,6.0418563621835e-07,6.0418563621835e-08,1
"751","OceanPout",2009,4.0085393172179e-07,4.0085393172179e-08,1
"752","OceanPout",2010,9.71371582248896e-08,9.71371582248896e-09,1
"753","OceanPout",2011,7.55232045272938e-08,7.55232045272938e-09,1
"754","OtherDemersals",1980,0.0175528980056676,0.00175528980056676,1
"755","OtherDemersals",1981,0.0175611399292511,0.00175611399292511,1
"756","OtherDemersals",1982,0.0125529947356976,0.00125529947356976,1
"757","OtherDemersals",1983,0.0153892910555842,0.00153892910555842,1
"758","OtherDemersals",1984,0.0129431950310661,0.00129431950310661,1
"759","OtherDemersals",1985,0.0135670584879466,0.00135670584879466,1
"760","OtherDemersals",1986,0.0160202554201249,0.00160202554201249,1
"761","OtherDemersals",1987,0.0138469599356174,0.00138469599356174,1
"762","OtherDemersals",1988,0.0149080037476543,0.00149080037476543,1
"763","OtherDemersals",1989,0.0135790507460966,0.00135790507460966,1
"764","OtherDemersals",1990,0.00851310285188426,0.000851310285188426,1
"765","OtherDemersals",1991,0.00830502670758456,0.000830502670758456,1
"766","OtherDemersals",1992,0.00801558359041552,0.000801558359041552,1
"767","OtherDemersals",1993,0.0132184432366691,0.00132184432366691,1
"768","OtherDemersals",1994,0.0202093118857202,0.00202093118857202,1
"769","OtherDemersals",1995,0.0294863539259201,0.00294863539259201,1
"770","OtherDemersals",1996,0.0293183101070377,0.00293183101070377,1
"771","OtherDemersals",1997,0.0216030939358786,0.00216030939358786,1
"772","OtherDemersals",1998,0.0215407049515573,0.00215407049515573,1
"773","OtherDemersals",1999,0.03127801063086,0.003127801063086,1
"774","OtherDemersals",2000,0.0238500085233303,0.00238500085233303,1
"775","OtherDemersals",2001,0.00968967019984076,0.000968967019984076,1
"776","OtherDemersals",2002,0.0174389624221977,0.00174389624221977,1
"777","OtherDemersals",2003,0.0116904785483745,0.00116904785483745,1
"778","OtherDemersals",2004,0.00758091150511163,0.000758091150511163,1
"779","OtherDemersals",2005,0.00787017692545987,0.000787017692545987,1
"780","OtherDemersals",2006,0.00514500305096948,0.000514500305096948,1
"781","OtherDemersals",2007,0.00696634163253535,0.000696634163253535,1
"782","OtherDemersals",2008,0.0160142371422535,0.00160142371422535,1
"783","OtherDemersals",2009,0.0209630992568546,0.00209630992568546,1
"784","OtherDemersals",2010,0.0103011036554737,0.00103011036554737,1
"785","OtherDemersals",2011,0.00870176420020326,0.000870176420020326,1
"786","OtherDemersals",2012,0.0102127143979992,0.00102127143979992,1
"787","OtherDemersals",2013,0.014140970862967,0.0014140970862967,1
"788","OtherDemersals",2014,0.0112050954814038,0.00112050954814038,1
"789","OtherDemersals",2015,0.0113963098745025,0.00113963098745025,1
"790","OtherDemersals",2016,0.00997994908594992,0.000997994908594993,1
"791","OtherDemersals",2017,0.00677510979746576,0.000677510979746576,1
"792","OtherDemersals",2018,0.00848055390101987,0.000848055390101987,1
"793","OtherDemersals",2019,0.0101731745823375,0.00101731745823375,1
"794","OtherPelagics",1980,0.622753934921282,0.0622753934921282,1
"795","OtherPelagics",1981,0.465112844838579,0.0465112844838579,1
"796","OtherPelagics",1982,0.419909513822606,0.0419909513822607,1
"797","OtherPelagics",1983,0.523304430192916,0.0523304430192916,1
"798","OtherPelagics",1984,0.451368435029355,0.0451368435029355,1
"799","OtherPelagics",1985,0.223864293023141,0.0223864293023141,1
"800","OtherPelagics",1986,0.16429885450654,0.016429885450654,1
"801","OtherPelagics",1987,0.124930843704042,0.0124930843704042,1
"802","OtherPelagics",1988,0.171579966730078,0.0171579966730078,1
"803","OtherPelagics",1989,0.0246201153411529,0.00246201153411529,1
"804","OtherPelagics",1990,0.0539561607925461,0.00539561607925461,1
"805","OtherPelagics",1991,0.205177485091858,0.0205177485091858,1
"806","OtherPelagics",1992,0.139930150761224,0.0139930150761224,1
"807","OtherPelagics",1993,0.1351182107037,0.01351182107037,1
"808","OtherPelagics",1994,0.00472476311713362,0.000472476311713362,1
"809","OtherPelagics",1995,0.0127633660629248,0.00127633660629248,1
"810","OtherPelagics",1996,0.0152379444080106,0.00152379444080106,1
"811","OtherPelagics",1997,0.0106433170586595,0.00106433170586595,1
"812","OtherPelagics",1998,0.0112745814931597,0.00112745814931597,1
"813","OtherPelagics",1999,0.00886445846195716,0.000886445846195716,1
"814","OtherPelagics",2000,0.00419454978714044,0.000419454978714044,1
"815","OtherPelagics",2001,0.00623026840957487,0.000623026840957487,1
"816","OtherPelagics",2002,0.00513541477157952,0.000513541477157952,1
"817","OtherPelagics",2003,0.00379641746637846,0.000379641746637846,1
"818","OtherPelagics",2004,0.00863718245977894,0.000863718245977894,1
"819","OtherPelagics",2005,0.00743148242200776,0.000743148242200776,1
"820","OtherPelagics",2006,0.00449837691727107,0.000449837691727107,1
"821","OtherPelagics",2007,0.00853059139033805,0.000853059139033805,1
"822","OtherPelagics",2008,0.0400894370511109,0.00400894370511109,1
"823","OtherPelagics",2009,0.00504995380017984,0.000504995380017984,1
"824","OtherPelagics",2010,0.0142831091968339,0.00142831091968339,1
"825","OtherPelagics",2011,0.0124577742653111,0.00124577742653111,1
"826","OtherPelagics",2012,0.00730924892209122,0.000730924892209122,1
"827","OtherPelagics",2013,0.00357447098360825,0.000357447098360825,1
"828","OtherPelagics",2014,0.00652976987077888,0.000652976987077888,1
"829","OtherPelagics",2015,0.0088406652933668,0.00088406652933668,1
"830","OtherPelagics",2016,0.0184918656670684,0.00184918656670684,1
"831","OtherPelagics",2017,0.0121393291739882,0.00121393291739882,1
"832","OtherPelagics",2018,0.0163682528700717,0.00163682528700717,1
"833","OtherPelagics",2019,0.0285255315478955,0.00285255315478955,1
"834","OtherShrimps",2001,3.34625890828625e-05,3.34625890828625e-06,1
"835","OtherShrimps",2002,2.09141181767891e-06,2.09141181767891e-07,1
"836","OtherShrimps",2003,1.04570590883945e-05,1.04570590883945e-06,1
"837","OtherSkates",1980,0.00398079262142625,0.000398079262142625,1
"838","OtherSkates",1981,0.00263255466708973,0.000263255466708973,1
"839","OtherSkates",1982,0.00293771051521381,0.000293771051521382,1
"840","OtherSkates",1983,0.00380826053627294,0.000380826053627294,1
"841","OtherSkates",1984,0.00316966193813473,0.000316966193813473,1
"842","OtherSkates",1985,0.00263018261003243,0.000263018261003243,1
"843","OtherSkates",1986,0.00205220699545043,0.000205220699545043,1
"844","OtherSkates",1987,0.00357484556639829,0.000357484556639829,1
"845","OtherSkates",1988,0.00519866215506606,0.000519866215506606,1
"846","OtherSkates",1989,0.00349132327020447,0.000349132327020447,1
"847","OtherSkates",1990,0.00545576222864093,0.000545576222864093,1
"848","OtherSkates",1991,0.00478669056224048,0.000478669056224048,1
"849","OtherSkates",1992,0.00348521878845543,0.000348521878845543,1
"850","OtherSkates",1993,0.0069425526200202,0.000694255262002021,1
"851","OtherSkates",1994,0.00970284797278727,0.000970284797278727,1
"852","OtherSkates",1995,0.00597958394962889,0.000597958394962889,1
"853","OtherSkates",1996,0.00456476778568449,0.000456476778568449,1
"854","OtherSkates",1997,0.00426665931866214,0.000426665931866214,1
"855","OtherSkates",1998,0.00552260180382958,0.000552260180382958,1
"856","OtherSkates",1999,0.00587430018919481,0.000587430018919481,1
"857","OtherSkates",2000,0.00618085989554473,0.000618085989554473,1
"858","OtherSkates",2001,0.00365532027366893,0.000365532027366893,1
"859","OtherSkates",2002,0.00376036430992634,0.000376036430992634,1
"860","OtherSkates",2003,0.00428155993282262,0.000428155993282262,1
"861","OtherSkates",2004,0.00636237778523707,0.000636237778523707,1
"862","OtherSkates",2005,0.00251870798474499,0.000251870798474499,1
"863","OtherSkates",2006,0.00390566771669116,0.000390566771669116,1
"864","OtherSkates",2007,0.0020246520110295,0.00020246520110295,1
"865","OtherSkates",2008,0.000934339314138237,9.34339314138237e-05,1
"866","OtherSkates",2009,0.00208380832518919,0.000208380832518919,1
"867","OtherSkates",2010,0.00210364904950052,0.000210364904950052,1
"868","OtherSkates",2011,0.00153971728045201,0.000153971728045201,1
"869","OtherSkates",2012,0.00101056976047404,0.000101056976047404,1
"870","OtherSkates",2013,0.00106230419827164,0.000106230419827164,1
"871","OtherSkates",2014,0.000535181769852716,5.35181769852716e-05,1
"872","OtherSkates",2015,0.00197879992227054,0.000197879992227054,1
"873","OtherSkates",2016,3.18657822953163e-05,3.18657822953163e-06,1
"874","OtherSkates",2017,4.53360105644871e-05,4.53360105644871e-06,1
"875","OtherSkates",2018,6.48779543156287e-05,6.48779543156287e-06,1
"876","OtherSkates",2019,8.32170792016072e-05,8.32170792016072e-06,1
"877","Pollock",1980,0.18210357296328,0.018210357296328,1
"878","Pollock",1981,0.192300288688574,0.0192300288688574,1
"879","Pollock",1982,0.148039030810506,0.0148039030810506,1
"880","Pollock",1983,0.13069166480644,0.013069166480644,1
"881","Pollock",1984,0.170563691445022,0.0170563691445022,1
"882","Pollock",1985,0.227168505456203,0.0227168505456203,1
"883","Pollock",1986,0.288483316392888,0.0288483316392888,1
"884","Pollock",1987,0.238533520795959,0.0238533520795959,1
"885","Pollock",1988,0.176399763476905,0.0176399763476905,1
"886","Pollock",1989,0.121867561564946,0.0121867561564946,1
"887","Pollock",1990,0.107293477819517,0.0107293477819517,1
"888","Pollock",1991,0.0882903822691822,0.00882903822691822,1
"889","Pollock",1992,0.0814357357564568,0.00814357357564568,1
"890","Pollock",1993,0.064183227265822,0.0064183227265822,1
"891","Pollock",1994,0.0435732798725624,0.00435732798725624,1
"892","Pollock",1995,0.0368563677228711,0.00368563677228711,1
"893","Pollock",1996,0.0342121114136526,0.00342121114136526,1
"894","Pollock",1997,0.0500525537661796,0.00500525537661796,1
"895","Pollock",1998,0.0639151412695451,0.00639151412695451,1
"896","Pollock",1999,0.0507748968904539,0.00507748968904539,1
"897","Pollock",2000,0.0453028456398884,0.00453028456398884,1
"898","Pollock",2001,0.0460941004631232,0.00460941004631232,1
"899","Pollock",2002,0.0387243763641852,0.00387243763641852,1
"900","Pollock",2003,0.0535502241742905,0.00535502241742905,1
"901","Pollock",2004,0.0556586815679671,0.00556586815679671,1
"902","Pollock",2005,0.070461134998001,0.0070461134998001,1
"903","Pollock",2006,0.0675731540025619,0.00675731540025619,1
"904","Pollock",2007,0.0927412291383291,0.00927412291383291,1
"905","Pollock",2008,0.11625099491393,0.011625099491393,1
"906","Pollock",2009,0.0871742091407132,0.00871742091407132,1
"907","Pollock",2010,0.0585783017879072,0.00585783017879072,1
"908","Pollock",2011,0.0795465245813898,0.00795465245813898,1
"909","Pollock",2012,0.0756619393925934,0.00756619393925934,1
"910","Pollock",2013,0.0600842694238923,0.00600842694238923,1
"911","Pollock",2014,0.0533717802429731,0.00533717802429731,1
"912","Pollock",2015,0.0340564834610248,0.00340564834610248,1
"913","Pollock",2016,0.0270989626901629,0.00270989626901629,1
"914","Pollock",2017,0.0359179171215595,0.00359179171215595,1
"915","Pollock",2018,0.0359791035375385,0.00359791035375385,1
"916","Pollock",2019,0.0376300575852279,0.00376300575852279,1
"917","RedHake",1980,0.0119225000880887,0.00119225000880887,1
"918","RedHake",1981,0.0136590779880927,0.00136590779880927,1
"919","RedHake",1982,0.0145461704541933,0.00145461704541933,1
"920","RedHake",1983,0.0109741532730755,0.00109741532730755,1
"921","RedHake",1984,0.0129591725355821,0.00129591725355821,1
"922","RedHake",1985,0.0123530492523606,0.00123530492523606,1
"923","RedHake",1986,0.0182511811112095,0.00182511811112095,1
"924","RedHake",1987,0.0116079039608906,0.00116079039608906,1
"925","RedHake",1988,0.0092948417844098,0.00092948417844098,1
"926","RedHake",1989,0.0076940590339332,0.00076940590339332,1
"927","RedHake",1990,0.00898586305422143,0.000898586305422143,1
"928","RedHake",1991,0.00895397711715623,0.000895397711715623,1
"929","RedHake",1992,0.0107250689945981,0.00107250689945981,1
"930","RedHake",1993,0.00867873197676118,0.000867873197676118,1
"931","RedHake",1994,0.0074770275957785,0.00074770275957785,1
"932","RedHake",1995,0.00169725840617682,0.000169725840617682,1
"933","RedHake",1996,0.00439019306335367,0.000439019306335367,1
"934","RedHake",1997,0.00364904277871104,0.000364904277871104,1
"935","RedHake",1998,0.00169240977910246,0.000169240977910246,1
"936","RedHake",1999,0.00203808298183161,0.000203808298183161,1
"937","RedHake",2000,0.00182117535553645,0.000182117535553645,1
"938","RedHake",2001,0.00179975795237243,0.000179975795237243,1
"939","RedHake",2002,0.00241846538849344,0.000241846538849344,1
"940","RedHake",2003,0.0014614639696879,0.00014614639696879,1
"941","RedHake",2004,0.000491409332300267,4.91409332300267e-05,1
"942","RedHake",2005,0.000545360338946269,5.45360338946269e-05,1
"943","RedHake",2006,0.00051886053747332,5.1886053747332e-05,1
"944","RedHake",2007,0.00024475085403391,2.4475085403391e-05,1
"945","RedHake",2008,6.5353565492477e-05,6.5353565492477e-06,1
"946","RedHake",2009,0.0003169806575384,3.169806575384e-05,1
"947","RedHake",2010,0.000381051183299254,3.81051183299254e-05,1
"948","RedHake",2011,0.000747745790737461,7.47745790737461e-05,1
"949","RedHake",2012,0.000738730449334225,7.38730449334225e-05,1
"950","RedHake",2013,0.000712132284207154,7.12132284207154e-05,1
"951","RedHake",2014,0.000467553310323831,4.67553310323831e-05,1
"952","RedHake",2015,0.00093122865198689,9.3122865198689e-05,1
"953","RedHake",2016,0.00112335276949374,0.000112335276949374,1
"954","RedHake",2017,0.00072451209869673,7.2451209869673e-05,1
"955","RedHake",2018,0.000874814362045407,8.74814362045407e-05,1
"956","RedHake",2019,0.00129267496690613,0.000129267496690613,1
"957","Redfish",1980,0.118954774632282,0.0118954774632282,1
"958","Redfish",1981,0.0839422885919727,0.00839422885919727,1
"959","Redfish",1982,0.0677416734629332,0.00677416734629332,1
"960","Redfish",1983,0.0592868523017296,0.00592868523017296,1
"961","Redfish",1984,0.0511643205395608,0.00511643205395608,1
"962","Redfish",1985,0.0498062766889299,0.00498062766889299,1
"963","Redfish",1986,0.0348045379629196,0.00348045379629196,1
"964","Redfish",1987,0.0221122163135115,0.00221122163135115,1
"965","Redfish",1988,0.0123405172854263,0.00123405172854263,1
"966","Redfish",1989,0.00738311393321835,0.000738311393321835,1
"967","Redfish",1990,0.0069742304980373,0.00069742304980373,1
"968","Redfish",1991,0.00617988446124051,0.000617988446124051,1
"969","Redfish",1992,0.00972972132011231,0.000972972132011231,1
"970","Redfish",1993,0.00898245030615522,0.000898245030615522,1
"971","Redfish",1994,0.00506014918891743,0.000506014918891743,1
"972","Redfish",1995,0.00494864407904978,0.000494864407904978,1
"973","Redfish",1996,0.00369239971379649,0.000369239971379649,1
"974","Redfish",1997,0.00284847913042248,0.000284847913042248,1
"975","Redfish",1998,0.00367530457325168,0.000367530457325168,1
"976","Redfish",1999,0.00393612377357204,0.000393612377357204,1
"977","Redfish",2000,0.00352316977249451,0.000352316977249451,1
"978","Redfish",2001,0.00397284513263749,0.000397284513263749,1
"979","Redfish",2002,0.00383172616120941,0.000383172616120941,1
"980","Redfish",2003,0.00410444052182201,0.000410444052182201,1
"981","Redfish",2004,0.00433716876142506,0.000433716876142506,1
"982","Redfish",2005,0.00598650251643284,0.000598650251643284,1
"983","Redfish",2006,0.00561954025609587,0.000561954025609588,1
"984","Redfish",2007,0.0085376522948027,0.00085376522948027,1
"985","Redfish",2008,0.0133330889478912,0.00133330889478912,1
"986","Redfish",2009,0.0165010995947402,0.00165010995947402,1
"987","Redfish",2010,0.0190109099593611,0.00190109099593611,1
"988","Redfish",2011,0.0232737158140733,0.00232737158140733,1
"989","Redfish",2012,0.0454744207022998,0.00454744207022998,1
"990","Redfish",2013,0.042674544759346,0.0042674544759346,1
"991","Redfish",2014,0.0553309335554933,0.00553309335554933,1
"992","Redfish",2015,0.0585325802305192,0.00585325802305192,1
"993","Redfish",2016,0.0455466645722449,0.00455466645722449,1
"994","Redfish",2017,0.0622889264753133,0.00622889264753133,1
"995","Redfish",2018,0.0555063433559279,0.00555063433559279,1
"996","Redfish",2019,0.0657226381488458,0.00657226381488458,1
"997","RiverHerring",1980,0.0153623202698286,0.00153623202698286,1
"998","RiverHerring",1981,0.013518363136522,0.0013518363136522,1
"999","RiverHerring",1982,0.00807614358985342,0.000807614358985342,1
"1000","RiverHerring",1983,0.00601597717764345,0.000601597717764345,1
"1001","RiverHerring",1984,0.00539314682017334,0.000539314682017334,1
"1002","RiverHerring",1985,0.00781322407698483,0.000781322407698483,1
"1003","RiverHerring",1986,0.00586777537574809,0.000586777537574809,1
"1004","RiverHerring",1987,0.00459988600866661,0.000459988600866661,1
"1005","RiverHerring",1989,0.00613084593502574,0.000613084593502574,1
"1006","RiverHerring",1990,0.00456691141567454,0.000456691141567454,1
"1007","RiverHerring",1991,0.00251583479869048,0.000251583479869048,1
"1008","RiverHerring",1992,7.72776666632356e-05,7.72776666632356e-06,1
"1009","RiverHerring",1993,0.00126963801974015,0.000126963801974015,1
"1010","RiverHerring",1994,0.000124299575697383,1.24299575697383e-05,1
"1011","RiverHerring",1995,0.00143592849715471,0.000143592849715471,1
"1012","RiverHerring",1996,0.00180302936593007,0.000180302936593007,1
"1013","RiverHerring",1997,0.00269709048955599,0.000269709048955599,1
"1014","RiverHerring",1998,0.00317034793651037,0.000317034793651037,1
"1015","RiverHerring",2004,1.85903272682569e-05,1.85903272682569e-06,1
"1016","RiverHerring",2005,4.99543060999811e-07,4.99543060999811e-08,1
"1017","RiverHerring",2007,9.42878161136907e-06,9.42878161136907e-07,1
"1018","RiverHerring",2008,5.17275856239249e-05,5.17275856239249e-06,1
"1019","RiverHerring",2009,5.67818308499823e-05,5.67818308499823e-06,1
"1020","RiverHerring",2011,2.2337440108265e-05,2.2337440108265e-06,1
"1021","RiverHerring",2012,1.56158749053358e-05,1.56158749053358e-06,1
"1022","RiverHerring",2013,2.57301748347219e-05,2.57301748347219e-06,1
"1023","RiverHerring",2014,1.11541963609542e-06,1.11541963609542e-07,1
"1024","RiverHerring",2018,3.53797165824015e-06,3.53797165824015e-07,1
"1025","RiverHerring",2019,3.13711772651836e-07,3.13711772651836e-08,1
"1026","Sharks",1987,0.000164955972228916,1.64955972228916e-05,1
"1027","Sharks",1988,0.00027710364722737,2.7710364722737e-05,1
"1028","Sharks",1989,9.83082962197529e-06,9.83082962197529e-07,1
"1029","Sharks",1990,3.26617061520191e-05,3.26617061520191e-06,1
"1030","Sharks",1991,3.98385960869704e-05,3.98385960869704e-06,1
"1031","Sharks",1992,5.0025576757353e-05,5.0025576757353e-06,1
"1032","Sharks",1993,0.00046954856976188,4.6954856976188e-05,1
"1033","Sharks",1994,3.26492983662594e-05,3.26492983662594e-06,1
"1034","Sharks",1995,3.54030427865877e-05,3.54030427865877e-06,1
"1035","Sharks",1996,4.20169404339711e-05,4.20169404339711e-06,1
"1036","Sharks",1997,1.97337696958629e-05,1.97337696958629e-06,1
"1037","Sharks",1998,7.4047057447612e-05,7.4047057447612e-06,1
"1038","Sharks",1999,3.10936350666925e-05,3.10936350666925e-06,1
"1039","Sharks",2000,2.25303641301099e-05,2.25303641301099e-06,1
"1040","Sharks",2001,4.32752133484326e-06,4.32752133484326e-07,1
"1041","Sharks",2002,1.75631837081908e-05,1.75631837081908e-06,1
"1042","Sharks",2003,7.00713816406025e-06,7.00713816406026e-07,1
"1043","Sharks",2004,7.60302466647778e-05,7.60302466647778e-06,1
"1044","Sharks",2005,2.90982767324193e-05,2.90982767324193e-06,1
"1045","Sharks",2006,3.67427248967893e-05,3.67427248967893e-06,1
"1046","Sharks",2007,2.74526960959979e-05,2.74526960959979e-06,1
"1047","Sharks",2008,2.50272280848909e-05,2.50272280848909e-06,1
"1048","Sharks",2009,2.84600295542668e-05,2.84600295542668e-06,1
"1049","Sharks",2010,4.04927011131844e-05,4.04927011131844e-06,1
"1050","Sharks",2011,0.000132315045082892,1.32315045082892e-05,1
"1051","Sharks",2012,0.000206180418940185,2.06180418940185e-05,1
"1052","Sharks",2013,6.05794013506545e-05,6.05794013506545e-06,1
"1053","Sharks",2014,0.000141253503233893,1.41253503233893e-05,1
"1054","Sharks",2015,2.13150918066425e-05,2.13150918066425e-06,1
"1055","Sharks",2016,5.83298938355351e-05,5.83298938355351e-06,1
"1056","Sharks",2017,0.000102945162396346,1.02945162396346e-05,1
"1057","Sharks",2018,7.53489202091539e-06,7.53489202091539e-07,1
"1058","SilverHake",1980,0.0544587646545431,0.00544587646545431,1
"1059","SilverHake",1981,0.0518399657372428,0.00518399657372428,1
"1060","SilverHake",1982,0.0465441492667878,0.00465441492667878,1
"1061","SilverHake",1983,0.0628099415188273,0.00628099415188273,1
"1062","SilverHake",1984,0.097335140461853,0.0097335140461853,1
"1063","SilverHake",1985,0.100725195766548,0.0100725195766548,1
"1064","SilverHake",1986,0.0991738968260306,0.00991738968260306,1
"1065","SilverHake",1987,0.0643914538118571,0.00643914538118571,1
"1066","SilverHake",1988,0.0581188919269466,0.00581188919269466,1
"1067","SilverHake",1989,0.0321948639279177,0.00321948639279177,1
"1068","SilverHake",1990,0.0489219254036109,0.00489219254036109,1
"1069","SilverHake",1991,0.0392659160122028,0.00392659160122028,1
"1070","SilverHake",1992,0.0359807429953491,0.00359807429953491,1
"1071","SilverHake",1993,0.0291181205246917,0.00291181205246917,1
"1072","SilverHake",1994,0.034903819570612,0.0034903819570612,1
"1073","SilverHake",1995,0.0208093061184612,0.00208093061184612,1
"1074","SilverHake",1996,0.0305603492292458,0.00305603492292458,1
"1075","SilverHake",1997,0.0230599210520427,0.00230599210520427,1
"1076","SilverHake",1998,0.0137614572076873,0.00137614572076873,1
"1077","SilverHake",1999,0.0237285409077211,0.00237285409077211,1
"1078","SilverHake",2000,0.0227508830811564,0.00227508830811565,1
"1079","SilverHake",2001,0.0229662242699244,0.00229662242699244,1
"1080","SilverHake",2002,0.0182420646847993,0.00182420646847993,1
"1081","SilverHake",2003,0.010028378839673,0.0010028378839673,1
"1082","SilverHake",2004,0.00500521038111624,0.000500521038111624,1
"1083","SilverHake",2005,0.00431123579659301,0.000431123579659301,1
"1084","SilverHake",2006,0.00370906768663546,0.000370906768663546,1
"1085","SilverHake",2007,0.00587383226686851,0.000587383226686851,1
"1086","SilverHake",2008,0.00547852991353079,0.000547852991353079,1
"1087","SilverHake",2009,0.00820517670601797,0.000820517670601797,1
"1088","SilverHake",2010,0.0112316994399231,0.00112316994399231,1
"1089","SilverHake",2011,0.0124980620109732,0.00124980620109732,1
"1090","SilverHake",2012,0.0157856230436958,0.00157856230436958,1
"1091","SilverHake",2013,0.00762413241285488,0.000762413241285488,1
"1092","SilverHake",2014,0.013848095065979,0.0013848095065979,1
"1093","SilverHake",2015,0.0165440899721345,0.00165440899721345,1
"1094","SilverHake",2016,0.0230997099088934,0.00230997099088934,1
"1095","SilverHake",2017,0.0184978584728095,0.00184978584728095,1
"1096","SilverHake",2018,0.0136794336320773,0.00136794336320773,1
"1097","SilverHake",2019,0.0102864626956256,0.00102864626956256,1
"1098","SmFlatfishes",1983,7.72660477086929e-06,7.72660477086929e-07,1
"1099","SmFlatfishes",2008,2.84664386295184e-07,2.84664386295184e-08,1
"1100","SmPelagics",1980,0.00033628700404689,3.3628700404689e-05,1
"1101","SmPelagics",1981,0.000644144977309016,6.44144977309016e-05,1
"1102","SmPelagics",1982,0.000583445573573182,5.83445573573183e-05,1
"1103","SmPelagics",1983,0.000436177028059545,4.36177028059545e-05,1
"1104","SmPelagics",1984,0.000554379616053828,5.54379616053828e-05,1
"1105","SmPelagics",1985,0.000405478750578098,4.05478750578098e-05,1
"1106","SmPelagics",1986,0.000699554086574794,6.99554086574794e-05,1
"1107","SmPelagics",1987,0.000614605439585768,6.14605439585768e-05,1
"1108","SmPelagics",1988,0.000742066645691336,7.42066645691336e-05,1
"1109","SmPelagics",1989,0.00056345094449776,5.6345094449776e-05,1
"1110","SmPelagics",1990,0.000329012382355208,3.29012382355208e-05,1
"1111","SmPelagics",1991,0.000268587844144858,2.68587844144858e-05,1
"1112","SmPelagics",1992,0.0004079943857671,4.079943857671e-05,1
"1113","SmPelagics",1993,0.000231974112711914,2.31974112711914e-05,1
"1114","SmPelagics",1994,0.000284138471800472,2.84138471800472e-05,1
"1115","SmPelagics",1995,0.000387083236556239,3.87083236556239e-05,1
"1116","SmPelagics",1996,0.00028596224817604,2.8596224817604e-05,1
"1117","SmPelagics",1997,0.000152840334423307,1.52840334423307e-05,1
"1118","SmPelagics",1998,9.63871286168958e-05,9.63871286168958e-06,1
"1119","SmPelagics",1999,2.36920619629777e-05,2.36920619629777e-06,1
"1120","SmPelagics",2000,2.49566394840726e-05,2.49566394840726e-06,1
"1121","SmPelagics",2001,6.42104839514939e-05,6.42104839514939e-06,1
"1122","SmPelagics",2002,2.25954499925537e-06,2.25954499925537e-07,1
"1123","SmPelagics",2003,4.98822201373645e-06,4.98822201373645e-07,1
"1124","SmPelagics",2004,2.10045942930403e-07,2.10045942930403e-08,1
"1125","SmPelagics",2005,1.77770004502707e-06,1.77770004502707e-07,1
"1126","SmPelagics",2006,5.51460417610603e-06,5.51460417610603e-07,1
"1127","SmPelagics",2007,4.91098631141614e-06,4.91098631141615e-07,1
"1128","SmPelagics",2008,1.19130067703348e-06,1.19130067703348e-07,1
"1129","SmPelagics",2009,1.77247151548287e-05,1.77247151548287e-06,1
"1130","SmPelagics",2010,8.53993158885553e-07,8.53993158885553e-08,1
"1131","SmPelagics",2011,1.28389447696399e-06,1.28389447696399e-07,1
"1132","SmPelagics",2012,1.71295332095733e-07,1.71295332095733e-08,1
"1133","SmPelagics",2013,0.000108927698837443,1.08927698837443e-05,1
"1134","SmPelagics",2014,4.86253247610346e-06,4.86253247610346e-07,1
"1135","SmPelagics",2017,4.57205861253694e-06,4.57205861253694e-07,1
"1136","SmPelagics",2018,0.00124380908379182,0.000124380908379182,1
"1137","SmoothDogfish",1983,2.43998045395872e-07,2.43998045395872e-08,1
"1138","SmoothDogfish",1985,8.88850022513535e-07,8.88850022513535e-08,1
"1139","SmoothDogfish",1987,2.10706905949094e-07,2.10706905949094e-08,1
"1140","SmoothDogfish",1989,0.00145296188451425,0.000145296188451425,1
"1141","SmoothDogfish",1990,0.00159760624961583,0.000159760624961583,1
"1142","SmoothDogfish",1991,2.76490198526347e-06,2.76490198526347e-07,1
"1143","SmoothDogfish",1992,8.71421590699544e-07,8.71421590699544e-08,1
"1144","SmoothDogfish",1995,2.06236443132225e-06,2.06236443132225e-07,1
"1145","SmoothDogfish",1996,0.000272894385343469,2.72894385343469e-05,1
"1146","SmoothDogfish",1997,4.1334367339062e-05,4.1334367339062e-06,1
"1147","SmoothDogfish",1998,1.04570590883945e-07,1.04570590883945e-08,1
"1148","SmoothDogfish",1999,4.5255827943663e-06,4.5255827943663e-07,1
"1149","SmoothDogfish",2000,2.44957492687449e-07,2.44957492687449e-08,1
"1150","SmoothDogfish",2001,2.08006573053292e-06,2.08006573053292e-07,1
"1151","SmoothDogfish",2003,2.99531048403542e-08,2.99531048403542e-09,1
"1152","SmoothDogfish",2004,4.0828817149856e-08,4.0828817149856e-09,1
"1153","SmoothDogfish",2005,6.05990293476954e-05,6.05990293476954e-06,1
"1154","SmoothDogfish",2006,2.48302619019667e-05,2.48302619019667e-06,1
"1155","SmoothDogfish",2007,1.53576628169912e-05,1.53576628169912e-06,1
"1156","SmoothDogfish",2008,1.84877233977603e-05,1.84877233977603e-06,1
"1157","SmoothDogfish",2009,1.61205704921463e-05,1.61205704921463e-06,1
"1158","SmoothDogfish",2010,4.16713804672522e-05,4.16713804672522e-06,1
"1159","SmoothDogfish",2011,2.27084722458768e-05,2.27084722458768e-06,1
"1160","SmoothDogfish",2012,2.05074547677959e-06,2.05074547677959e-07,1
"1161","SmoothDogfish",2013,5.19367268056928e-06,5.19367268056928e-07,1
"1162","SmoothDogfish",2014,4.49745107152841e-07,4.49745107152841e-08,1
"1163","SmoothDogfish",2015,2.63653633719046e-06,2.63653633719046e-07,1
"1164","SmoothDogfish",2016,2.19643582801634e-06,2.19643582801634e-07,1
"1165","SmoothDogfish",2017,5.5655738268076e-06,5.5655738268076e-07,1
"1166","SmoothDogfish",2018,4.91256687853601e-06,4.91256687853601e-07,1
"1167","SmoothDogfish",2019,4.11813879248269e-06,4.11813879248269e-07,1
"1168","SpinyDogfish",1980,0.0355272643816688,0.00355272643816688,1
"1169","SpinyDogfish",1981,0.0557854931388597,0.00557854931388597,1
"1170","SpinyDogfish",1982,0.0384283928886239,0.00384283928886239,1
"1171","SpinyDogfish",1983,0.060870590587472,0.0060870590587472,1
"1172","SpinyDogfish",1984,0.0546720029893533,0.00546720029893533,1
"1173","SpinyDogfish",1985,0.0495795139744187,0.00495795139744187,1
"1174","SpinyDogfish",1986,0.0311042312111113,0.00311042312111113,1
"1175","SpinyDogfish",1987,0.0329089346053659,0.00329089346053659,1
"1176","SpinyDogfish",1988,0.0356542739835645,0.00356542739835645,1
"1177","SpinyDogfish",1989,0.0564046648023986,0.00564046648023986,1
"1178","SpinyDogfish",1990,0.119796327430974,0.0119796327430974,1
"1179","SpinyDogfish",1991,0.0513450269934666,0.00513450269934666,1
"1180","SpinyDogfish",1992,0.0682006954844658,0.00682006954844658,1
"1181","SpinyDogfish",1993,0.124623415790776,0.0124623415790776,1
"1182","SpinyDogfish",1994,0.0993153081741368,0.00993153081741368,1
"1183","SpinyDogfish",1995,0.114141010905235,0.0114141010905235,1
"1184","SpinyDogfish",1996,0.108530539367434,0.0108530539367434,1
"1185","SpinyDogfish",1997,0.0937878815729895,0.00937878815729895,1
"1186","SpinyDogfish",1998,0.111438003293329,0.0111438003293329,1
"1187","SpinyDogfish",1999,0.0534927019530154,0.00534927019530154,1
"1188","SpinyDogfish",2000,0.0248950640550049,0.00248950640550049,1
"1189","SpinyDogfish",2001,0.00908394098120176,0.000908394098120176,1
"1190","SpinyDogfish",2002,0.0125493009376125,0.00125493009376125,1
"1191","SpinyDogfish",2003,0.00411190730228804,0.000411190730228804,1
"1192","SpinyDogfish",2004,0.00346231552393541,0.000346231552393541,1
"1193","SpinyDogfish",2005,0.00696073994342684,0.000696073994342684,1
"1194","SpinyDogfish",2006,0.0130323154040991,0.00130323154040991,1
"1195","SpinyDogfish",2007,0.008269224593915,0.0008269224593915,1
"1196","SpinyDogfish",2008,0.0176002014693486,0.00176002014693486,1
"1197","SpinyDogfish",2009,0.0261909874646614,0.00261909874646614,1
"1198","SpinyDogfish",2010,0.0279164502463361,0.00279164502463361,1
"1199","SpinyDogfish",2011,0.036433944760735,0.0036433944760735,1
"1200","SpinyDogfish",2012,0.0487065429979417,0.00487065429979417,1
"1201","SpinyDogfish",2013,0.01573856220507,0.001573856220507,1
"1202","SpinyDogfish",2014,0.0292674622877526,0.00292674622877526,1
"1203","SpinyDogfish",2015,0.0169847041878326,0.00169847041878326,1
"1204","SpinyDogfish",2016,0.0252990401545031,0.00252990401545031,1
"1205","SpinyDogfish",2017,0.0151742691401438,0.00151742691401438,1
"1206","SpinyDogfish",2018,0.0105923446040994,0.00105923446040994,1
"1207","SpinyDogfish",2019,0.0115995892383006,0.00115995892383006,1
"1208","SummerFlounder",1980,0.000112963109331501,1.12963109331501e-05,1
"1209","SummerFlounder",1981,0.00028790501306006,2.8790501306006e-05,1
"1210","SummerFlounder",1982,0.00293594441806596,0.000293594441806596,1
"1211","SummerFlounder",1983,0.000880143969220734,8.80143969220734e-05,1
"1212","SummerFlounder",1984,0.000316445185053081,3.16445185053081e-05,1
"1213","SummerFlounder",1985,0.00110418517884851,0.000110418517884851,1
"1214","SummerFlounder",1986,0.000365061571422255,3.65061571422255e-05,1
"1215","SummerFlounder",1987,0.000381001475059044,3.81001475059044e-05,1
"1216","SummerFlounder",1988,0.00115433097258319,0.000115433097258319,1
"1217","SummerFlounder",1989,0.000228809690356468,2.28809690356468e-05,1
"1218","SummerFlounder",1990,7.04817027572137e-05,7.04817027572137e-06,1
"1219","SummerFlounder",1991,0.000133254696482487,1.33254696482487e-05,1
"1220","SummerFlounder",1992,0.000169235033697401,1.69235033697401e-05,1
"1221","SummerFlounder",1993,0.000183910356882954,1.83910356882954e-05,1
"1222","SummerFlounder",1994,0.000572589790836232,5.72589790836232e-05,1
"1223","SummerFlounder",1995,0.000454040840333782,4.54040840333782e-05,1
"1224","SummerFlounder",1996,0.000288460829146472,2.88460829146472e-05,1
"1225","SummerFlounder",1997,0.000362095396865111,3.62095396865111e-05,1
"1226","SummerFlounder",1998,0.000233653966216456,2.33653966216456e-05,1
"1227","SummerFlounder",1999,0.00017633098366793,1.7633098366793e-05,1
"1228","SummerFlounder",2000,0.000236275696932227,2.36275696932227e-05,1
"1229","SummerFlounder",2001,0.000238224265047352,2.38224265047352e-05,1
"1230","SummerFlounder",2002,0.000563522823084083,5.63522823084083e-05,1
"1231","SummerFlounder",2003,0.000427471295132182,4.27471295132182e-05,1
"1232","SummerFlounder",2004,0.000215555571233201,2.15555571233201e-05,1
"1233","SummerFlounder",2005,0.000348479492056502,3.48479492056502e-05,1
"1234","SummerFlounder",2006,0.000209039333581023,2.09039333581023e-05,1
"1235","SummerFlounder",2007,0.000241689163155939,2.41689163155939e-05,1
"1236","SummerFlounder",2008,0.000747408330560842,7.47408330560842e-05,1
"1237","SummerFlounder",2009,0.000233877455450696,2.33877455450696e-05,1
"1238","SummerFlounder",2010,0.00208466221562455,0.000208466221562455,1
"1239","SummerFlounder",2011,0.000473671924353644,4.73671924353644e-05,1
"1240","SummerFlounder",2012,0.000395969790717971,3.95969790717971e-05,1
"1241","SummerFlounder",2013,0.000382862300394832,3.82862300394832e-05,1
"1242","SummerFlounder",2014,0.00025562792539051,2.5562792539051e-05,1
"1243","SummerFlounder",2015,0.000198524088535932,1.98524088535932e-05,1
"1244","SummerFlounder",2016,0.000127558696753723,1.27558696753723e-05,1
"1245","SummerFlounder",2017,0.000128777145508355,1.28777145508355e-05,1
"1246","SummerFlounder",2018,0.000126607080831548,1.26607080831548e-05,1
"1247","SummerFlounder",2019,0.000160284639700089,1.60284639700089e-05,1
"1248","WhiteHake",1980,0.038508414993616,0.0038508414993616,1
"1249","WhiteHake",1981,0.0655131509379201,0.00655131509379201,1
"1250","WhiteHake",1982,0.0709000967616821,0.00709000967616821,1
"1251","WhiteHake",1983,0.0725004719845491,0.00725004719845491,1
"1252","WhiteHake",1984,0.0755303333100888,0.00755303333100888,1
"1253","WhiteHake",1985,0.0772666958302081,0.00772666958302081,1
"1254","WhiteHake",1986,0.0617484919736531,0.00617484919736531,1
"1255","WhiteHake",1987,0.0626721484877306,0.00626721484877306,1
"1256","WhiteHake",1988,0.055538576904678,0.0055538576904678,1
"1257","WhiteHake",1989,0.0542985495911442,0.00542985495911442,1
"1258","WhiteHake",1990,0.0570828979776192,0.00570828979776192,1
"1259","WhiteHake",1991,0.0655867695062287,0.00655867695062287,1
"1260","WhiteHake",1992,0.0984099907465856,0.00984099907465857,1
"1261","WhiteHake",1993,0.0826695987456647,0.00826695987456647,1
"1262","WhiteHake",1994,0.0484682410367415,0.00484682410367415,1
"1263","WhiteHake",1995,0.0470193235756826,0.00470193235756826,1
"1264","WhiteHake",1996,0.0370185609380221,0.00370185609380221,1
"1265","WhiteHake",1997,0.0257069817933466,0.00257069817933466,1
"1266","WhiteHake",1998,0.0261766220970808,0.00261766220970808,1
"1267","WhiteHake",1999,0.0288804726813491,0.00288804726813491,1
"1268","WhiteHake",2000,0.0337992705021838,0.00337992705021838,1
"1269","WhiteHake",2001,0.0394223923971833,0.00394223923971833,1
"1270","WhiteHake",2002,0.0370436102656658,0.00370436102656658,1
"1271","WhiteHake",2003,0.0530657800403538,0.00530657800403538,1
"1272","WhiteHake",2004,0.0405059813629019,0.00405059813629019,1
"1273","WhiteHake",2005,0.0308632377156806,0.00308632377156806,1
"1274","WhiteHake",2006,0.0196359915787063,0.00196359915787063,1
"1275","WhiteHake",2007,0.0170799773751902,0.00170799773751902,1
"1276","WhiteHake",2008,0.0149834986121812,0.00149834986121812,1
"1277","WhiteHake",2009,0.0186275623299265,0.00186275623299265,1
"1278","WhiteHake",2010,0.0205128482139475,0.00205128482139475,1
"1279","WhiteHake",2011,0.0340282519618951,0.00340282519618951,1
"1280","WhiteHake",2012,0.0334273947708607,0.00334273947708607,1
"1281","WhiteHake",2013,0.0265127986943019,0.00265127986943019,1
"1282","WhiteHake",2014,0.0211634983699614,0.00211634983699614,1
"1283","WhiteHake",2015,0.0165630841500416,0.00165630841500416,1
"1284","WhiteHake",2016,0.0138876806725591,0.00138876806725591,1
"1285","WhiteHake",2017,0.0213249001803097,0.00213249001803097,1
"1286","WhiteHake",2018,0.0223433473626066,0.00223433473626066,1
"1287","WhiteHake",2019,0.0214318986960691,0.00214318986960691,1
"1288","Windowpane",1980,0.00256080568058058,0.000256080568058058,1
"1289","Windowpane",1981,0.00244314061792224,0.000244314061792224,1
"1290","Windowpane",1982,0.00210957441603707,0.000210957441603707,1
"1291","Windowpane",1983,0.0018656586315145,0.00018656586315145,1
"1292","Windowpane",1984,0.00257654392269415,0.000257654392269415,1
"1293","Windowpane",1985,0.00753848987407306,0.000753848987407306,1
"1294","Windowpane",1986,0.00502830334369324,0.000502830334369324,1
"1295","Windowpane",1987,0.00335198198529799,0.000335198198529799,1
"1296","Windowpane",1988,0.00426547036627547,0.000426547036627548,1
"1297","Windowpane",1989,0.00522041955674495,0.000522041955674495,1
"1298","Windowpane",1990,0.00396748022828755,0.000396748022828755,1
"1299","Windowpane",1991,0.00750249307369311,0.000750249307369311,1
"1300","Windowpane",1992,0.00231135196736452,0.000231135196736452,1
"1301","Windowpane",1993,0.00261581517141171,0.000261581517141171,1
"1302","Windowpane",1994,0.0014854250410476,0.00014854250410476,1
"1303","Windowpane",1995,0.00226150196714545,0.000226150196714545,1
"1304","Windowpane",1996,0.00247808885203125,0.000247808885203125,1
"1305","Windowpane",1997,0.001443043864121,0.0001443043864121,1
"1306","Windowpane",1998,0.000837046631958107,8.37046631958107e-05,1
"1307","Windowpane",1999,0.000234742090350726,2.34742090350726e-05,1
"1308","Windowpane",2000,0.000250610594130876,2.50610594130876e-05,1
"1309","Windowpane",2001,0.000103390356105196,1.03390356105196e-05,1
"1310","Windowpane",2002,3.45323175921401e-05,3.45323175921401e-06,1
"1311","Windowpane",2003,6.95045742288386e-05,6.95045742288386e-06,1
"1312","Windowpane",2004,9.28432820356568e-05,9.28432820356568e-06,1
"1313","Windowpane",2005,5.99871488906138e-05,5.99871488906138e-06,1
"1314","Windowpane",2006,7.53746263770092e-05,7.53746263770092e-06,1
"1315","Windowpane",2007,0.000170400781802814,1.70400781802814e-05,1
"1316","Windowpane",2008,0.000137873993149709,1.37873993149709e-05,1
"1317","Windowpane",2009,9.28730173715099e-05,9.28730173715099e-06,1
"1318","Windowpane",2010,1.73703370412776e-06,1.73703370412776e-07,1
"1319","Windowpane",2011,1.79641608906696e-07,1.79641608906696e-08,1
"1320","Windowpane",2012,1.59213183220408e-06,1.59213183220408e-07,1
"1321","Windowpane",2013,5.80947727133029e-09,5.80947727133029e-10,1
"1322","Windowpane",2015,2.83903555499528e-06,2.83903555499528e-07,1
"1323","Windowpane",2016,1.10380068155276e-07,1.10380068155276e-08,1
"1324","Windowpane",2017,8.13326817986241e-08,8.13326817986241e-09,1
"1325","Windowpane",2019,1.94016346756611e-07,1.94016346756611e-08,1
"1326","WinterFlounder",2018,5.32729065780988e-06,5.32729065780988e-07,1
"1327","WinterFlounder",2019,1.87297547227689e-05,1.87297547227689e-06,1
"1328","WinterSkate",1980,0.000417141308643935,4.17141308643935e-05,1
"1329","WinterSkate",1981,0.000211524917105571,2.11524917105571e-05,1
"1330","WinterSkate",1982,0.000350130464463899,3.50130464463899e-05,1
"1331","WinterSkate",1983,0.00132805009402407,0.000132805009402407,1
"1332","WinterSkate",1984,0.00173770818844939,0.000173770818844939,1
"1333","WinterSkate",1985,0.00190084307381627,0.000190084307381627,1
"1334","WinterSkate",1986,0.00210970510989992,0.000210970510989992,1
"1335","WinterSkate",1987,0.00331770446624999,0.000331770446624999,1
"1336","WinterSkate",1988,0.00726148251672236,0.000726148251672236,1
"1337","WinterSkate",1989,0.00955696506841912,0.000955696506841912,1
"1338","WinterSkate",1990,0.0114964990883209,0.00114964990883209,1
"1339","WinterSkate",1991,0.011920275049417,0.0011920275049417,1
"1340","WinterSkate",1992,0.00932250076739017,0.000932250076739017,1
"1341","WinterSkate",1993,0.0110133792191469,0.00110133792191469,1
"1342","WinterSkate",1994,0.00681036207041043,0.000681036207041043,1
"1343","WinterSkate",1995,0.00360947570815745,0.000360947570815745,1
"1344","WinterSkate",1996,0.0117340035462194,0.00117340035462194,1
"1345","WinterSkate",1997,0.00590905965444373,0.000590905965444373,1
"1346","WinterSkate",1998,0.00714543620941082,0.000714543620941082,1
"1347","WinterSkate",1999,0.0061759374910272,0.00061759374910272,1
"1348","WinterSkate",2000,0.00745442374978106,0.000745442374978106,1
"1349","WinterSkate",2001,0.007428085950548,0.0007428085950548,1
"1350","WinterSkate",2002,0.0099990079474742,0.00099990079474742,1
"1351","WinterSkate",2003,0.0084260075847564,0.00084260075847564,1
"1352","WinterSkate",2004,0.00908743729871035,0.000908743729871035,1
"1353","WinterSkate",2005,0.00679097485477306,0.000679097485477306,1
"1354","WinterSkate",2006,0.0078326403082395,0.00078326403082395,1
"1355","WinterSkate",2007,0.0158941688891243,0.00158941688891243,1
"1356","WinterSkate",2008,0.0175701187657009,0.00175701187657009,1
"1357","WinterSkate",2009,0.0175152196883773,0.00175152196883773,1
"1358","WinterSkate",2010,0.0120643214944872,0.00120643214944872,1
"1359","WinterSkate",2011,0.01093844619111,0.001093844619111,1
"1360","WinterSkate",2012,0.00785128784059814,0.000785128784059814,1
"1361","WinterSkate",2013,0.00371335020610997,0.000371335020610997,1
"1362","WinterSkate",2014,0.00521907242002109,0.000521907242002109,1
"1363","WinterSkate",2015,0.00527858344555347,0.000527858344555347,1
"1364","WinterSkate",2016,0.0068845656805152,0.00068845656805152,1
"1365","WinterSkate",2017,0.0086250196190586,0.00086250196190586,1
"1366","WinterSkate",2018,0.00839903884244195,0.000839903884244195,1
"1367","WinterSkate",2019,0.00591724239951498,0.000591724239951498,1
"1368","WitchFlounder",1980,0.034452545629927,0.0034452545629927,1
"1369","WitchFlounder",1981,0.0379986897732799,0.00379986897732799,1
"1370","WitchFlounder",1982,0.0534232670941259,0.00534232670941259,1
"1371","WitchFlounder",1983,0.0656166207012622,0.00656166207012622,1
"1372","WitchFlounder",1984,0.0705020960880518,0.00705020960880518,1
"1373","WitchFlounder",1985,0.0682649577686677,0.00682649577686677,1
"1374","WitchFlounder",1986,0.0520115995774807,0.00520115995774807,1
"1375","WitchFlounder",1987,0.0397922618430534,0.00397922618430534,1
"1376","WitchFlounder",1988,0.0362353134433612,0.00362353134433612,1
"1377","WitchFlounder",1989,0.0215028069605967,0.00215028069605967,1
"1378","WitchFlounder",1990,0.014841630021256,0.0014841630021256,1
"1379","WitchFlounder",1991,0.0174110349297821,0.00174110349297821,1
"1380","WitchFlounder",1992,0.0203484565839053,0.00203484565839053,1
"1381","WitchFlounder",1993,0.0251340107040937,0.00251340107040937,1
"1382","WitchFlounder",1994,0.0277380296622391,0.00277380296622391,1
"1383","WitchFlounder",1995,0.0233597159470282,0.00233597159470282,1
"1384","WitchFlounder",1996,0.0226762573408517,0.00226762573408517,1
"1385","WitchFlounder",1997,0.0189250963375812,0.00189250963375812,1
"1386","WitchFlounder",1998,0.0194195338540591,0.00194195338540591,1
"1387","WitchFlounder",1999,0.0212966442994734,0.00212966442994734,1
"1388","WitchFlounder",2000,0.0249653576498336,0.00249653576498336,1
"1389","WitchFlounder",2001,0.0307555303215263,0.00307555303215263,1
"1390","WitchFlounder",2002,0.0330789730802692,0.00330789730802692,1
"1391","WitchFlounder",2003,0.032487680943721,0.0032487680943721,1
"1392","WitchFlounder",2004,0.0288201310380635,0.00288201310380635,1
"1393","WitchFlounder",2005,0.0252006714262889,0.00252006714262889,1
"1394","WitchFlounder",2006,0.0174935166720137,0.00174935166720137,1
"1395","WitchFlounder",2007,0.00984479037086368,0.000984479037086368,1
"1396","WitchFlounder",2008,0.00965051829410456,0.000965051829410456,1
"1397","WitchFlounder",2009,0.00936687811610974,0.000936687811610974,1
"1398","WitchFlounder",2010,0.00785883082449703,0.000785883082449703,1
"1399","WitchFlounder",2011,0.00905042091610999,0.000905042091610999,1
"1400","WitchFlounder",2012,0.0111975643916611,0.00111975643916611,1
"1401","WitchFlounder",2013,0.00749978078140995,0.000749978078140995,1
"1402","WitchFlounder",2014,0.00597723892112107,0.000597723892112107,1
"1403","WitchFlounder",2015,0.0052182758787296,0.00052182758787296,1
"1404","WitchFlounder",2016,0.00414359669825494,0.000414359669825494,1
"1405","WitchFlounder",2017,0.00464157250521187,0.000464157250521187,1
"1406","WitchFlounder",2018,0.00677419626959148,0.000677419626959148,1
"1407","WitchFlounder",2019,0.00897803843121468,0.000897803843121468,1
"1408","YTFlounder",1980,0.0580636914006619,0.00580636914006619,1
"1409","YTFlounder",1981,0.0383298402426493,0.00383298402426493,1
"1410","YTFlounder",1982,0.0388147112614806,0.00388147112614806,1
"1411","YTFlounder",1983,0.0260450757840443,0.00260450757840443,1
"1412","YTFlounder",1984,0.0153582616383379,0.00153582616383379,1
"1413","YTFlounder",1985,0.0129130714006958,0.00129130714006958,1
"1414","YTFlounder",1986,0.0129334667900509,0.00129334667900509,1
"1415","YTFlounder",1987,0.0154745955216496,0.00154745955216496,1
"1416","YTFlounder",1988,0.0147939133209013,0.00147939133209013,1
"1417","YTFlounder",1989,0.0122034388910835,0.00122034388910835,1
"1418","YTFlounder",1990,0.0266778552002296,0.00266778552002296,1
"1419","YTFlounder",1991,0.0192442431617478,0.00192442431617478,1
"1420","YTFlounder",1992,0.012656976893923,0.0012656976893923,1
"1421","YTFlounder",1993,0.00965721788391572,0.000965721788391572,1
"1422","YTFlounder",1994,0.0129456014334828,0.00129456014334828,1
"1423","YTFlounder",1995,0.0153595193806856,0.00153595193806856,1
"1424","YTFlounder",1996,0.014310894993828,0.0014310894993828,1
"1425","YTFlounder",1997,0.0136618733715252,0.00136618733715252,1
"1426","YTFlounder",1998,0.0161825698470333,0.00161825698470333,1
"1427","YTFlounder",1999,0.0151571176341742,0.00151571176341742,1
"1428","YTFlounder",2000,0.0297735300193301,0.00297735300193301,1
"1429","YTFlounder",2001,0.0274680909168681,0.00274680909168681,1
"1430","YTFlounder",2002,0.0218669190887294,0.00218669190887294,1
"1431","YTFlounder",2003,0.0224237177481745,0.00224237177481745,1
"1432","YTFlounder",2004,0.0114126468909182,0.00114126468909182,1
"1433","YTFlounder",2005,0.00789967743545347,0.000789967743545348,1
"1434","YTFlounder",2006,0.00606724418565481,0.000606724418565481,1
"1435","YTFlounder",2007,0.00545466929918427,0.000545466929918427,1
"1436","YTFlounder",2008,0.00733308047677768,0.000733308047677768,1
"1437","YTFlounder",2009,0.00657568249635705,0.000657568249635705,1
"1438","YTFlounder",2010,0.00643966442197351,0.000643966442197351,1
"1439","YTFlounder",2011,0.00788396792411789,0.000788396792411789,1
"1440","YTFlounder",2012,0.0106447384795699,0.00106447384795699,1
"1441","YTFlounder",2013,0.00658290387658276,0.000658290387658276,1
"1442","YTFlounder",2014,0.00474249685757305,0.000474249685757305,1
"1443","YTFlounder",2015,0.00320835787078781,0.000320835787078781,1
"1444","YTFlounder",2016,0.00322562678926943,0.000322562678926943,1
"1445","YTFlounder",2017,0.00329547311649797,0.000329547311649797,1
"1446","YTFlounder",2018,0.0024814138674786,0.00024814138674786,1
"1447","YTFlounder",2019,0.00186339759617933,0.000186339759617933,1
